Year,"Header","Source","URL"
2017,"населения России в условиях меняющегося климата","demoscope.ru›weekly/2010/0439/analit01.php","http://www.demoscope.ru/weekly/2010/0439/analit01.php"
2017,"Изменение климата: что ждет Россию","ria.ru›warming_prognosis/20130924/964750728.html","http://ria.ru/warming_prognosis/20130924/964750728.html"
2017,"Изменения климата в России – чем они грозят здоровью","meteoinfo.ru›meteo-med-revithc","http://meteoinfo.ru/meteo-med-revithc"
2017,"Природоохранная стратегия","wwf.ru›data/membership/mailer/draft_conservation…","http://www.wwf.ru/data/membership/mailer/draft_conservation_strategy_rus.pdf"
2017,"Прогноз изменений климата и геополитиеских последствий","ecoteco.ru›library/magazine…klimata-i…posledstviy…","http://www.ecoteco.ru/library/magazine/zhurnal-111/ekologiya/prognoz-izmeneniy-klimata-i-geopolitieskih-posledstviy-ego-izmeneniya-do-2020-goda/"
2017,"Стратегия всемирного фонда дикой природы","wwf.su›data/wwf/wwfrussia_strategy_rus.pdf","http://www.wwf.su/data/wwf/wwfrussia_strategy_rus.pdf"
2017,"Ученые считают изменение климата главной мировой","volg.mk.ru›articles/2016/03/02…izmenenie-klimata…","http://volg.mk.ru/articles/2016/03/02/uchenye-schitayut-izmenenie-klimata-glavnoy-mirovoy-ugrozoy-v-2016-godu.html"
2017,"В феврале 2017 года президентом России станет Навальный","gklimov.livejournal.com›305630.html","http://gklimov.livejournal.com/305630.html"
2017,"ученый предсказывает похолодание климата с 2017 года","newsmake.net›weather…avstralijskij…klimata-s-2017…","http://newsmake.net/weather-and-nature/avstralijskij-uchenyj-predskazyvaet-poxolodanie-klimata-s-2017-goda"
2017,"Чем грозит России изменение климата?","rosnauka.ru›Публикации›844","http://rosnauka.ru/publication/844"
2017,"Климат на выставке Мир Климата","climatexpo.ru","http://yabs.yandex.ru/count/PDG-xXvNMrW40000gQB0022Ek51qRGLIbGAR0Mv3jm8j0OYtoFFH1ecgxje3dgfCwW6TdNO7feO8YhVuXuG3lReB_ge3gYwbg61h1hokTsa6ZG6HiL7f0GQNy3Z14oO_h2e3Zxf20hiAdxfkU8iCauKDcGL2Z9rx3BQSlWErc2m3e9Lf9g-TUmopaCG9j9Wi0zcLQIRQaCG9b9PyQwUVG06ek_g8jWEZ0Qxiwi2_dfHbrx41ig0H00AvdNO7mOmImldFYbMiYA-l1iMF3zB__________m_J__________yFVHe0?q=%D0%B8%D0%B7%D0%BC%D0%B5%D0%BD%D0%B5%D0%BD%D0%B8%D0%B5+%D0%BA%D0%BB%D0%B8%D0%BC%D0%B0%D1%82%D0%B0+%D0%B2+%D1%80%D0%BE%D1%81%D1%81%D0%B8%D0%B8+2017"
2017,"Что происходит с климатом?","zoomby.ru","http://yabs.yandex.ru/count/PDG-xgbIKg040000gQB0022Ek51qRGLIbGAR0Mv3jm8j0JA8iBxC4GA9jlOJIW6O59wgJEe1dQgx_0Ic88gjA99nlQoXA9wgBgMYRni2lA2YnGAD0P6nKUa11fVmEC4J9Z-iAWEFlTsiHmEVjyS750AJXGsP1KACcE42jeJTjOYxe9NN0w-OuGApWFgqYBlPbTS3se3wb9ijeAUVkWYeiomaY0IZ0Qxiwi2_dfHbrx41ig2H00Avghly1C6C4iBvpufLh8YlhmRI__________yFq___________3tWQ?q=%D0%B8%D0%B7%D0%BC%D0%B5%D0%BD%D0%B5%D0%BD%D0%B8%D0%B5+%D0%BA%D0%BB%D0%B8%D0%BC%D0%B0%D1%82%D0%B0+%D0%B2+%D1%80%D0%BE%D1%81%D1%81%D0%B8%D0%B8+2017"
2017,"Изменение климата: что ждет Россию","climatechange.ru›node/1408","http://www.climatechange.ru/node/1408"
2017,"населения России в условиях меняющегося климата","demoscope.ru›weekly/2010/0439/analit01.php","http://www.demoscope.ru/weekly/2010/0439/analit01.php"
2017,"Изменения климата в России – чем они грозят здоровью","meteoinfo.ru›meteo-med-revithc","http://meteoinfo.ru/meteo-med-revithc"
2017,"Природоохранная стратегия","wwf.ru›data/membership/mailer/draft_conservation…","http://www.wwf.ru/data/membership/mailer/draft_conservation_strategy_rus.pdf"
2017,"Прогноз изменений климата и геополитиеских последствий","ecoteco.ru›library/magazine…klimata-i…posledstviy…","http://www.ecoteco.ru/library/magazine/zhurnal-111/ekologiya/prognoz-izmeneniy-klimata-i-geopolitieskih-posledstviy-ego-izmeneniya-do-2020-goda/"
2017,"В феврале 2017 года президентом России станет Навальный","gklimov.livejournal.com›305630.html","http://gklimov.livejournal.com/305630.html"
2017,"В России выборы изменили деловой климат - 9 Грудня","holosua.com›news/v_rossii…klimat/2011-12-09-22684","http://holosua.com/news/v_rossii_vybory_izmenili_delovoj_klimat/2011-12-09-22684"
2017,"ученый предсказывает похолодание климата с 2017 года","newsmake.net›weather…avstralijskij…klimata-s-2017…","http://newsmake.net/weather-and-nature/avstralijskij-uchenyj-predskazyvaet-poxolodanie-klimata-s-2017-goda"
2017,"Последствия изменения климата в России","greenpeace.org›russia/ru/campaigns/climate…","http://www.greenpeace.org/russia/ru/campaigns/climate/consequences/"
2017,"Влияние человека на изменение климата - новость","newsland.com›Все новости›detail/id/485564","http://newsland.com/news/detail/id/485564/"
2017,"Климат на выставке Мир Климата","climatexpo.ru","http://yabs.yandex.ru/count/3s6uKhX83Ra40000gQB0022EkTo4RGLIbGAR0Mv3jm8j0OYtoFFH1ecgxje3dgfCwW6TdNO7feO8YhVuXuG3lReB_ge3gYwbg61h1hokTsa6ZG6Hl_aZbmANy5V7mI4_h2e3Zxf20hiAdxfkU8iCauKDcGL2Z9262xQGTGEraEu2e9Lf9g-GXWkpaCG9j93k0jcLQIRQaCG9b9aeRAULMG6el8CLImEZ0QxanS17o8TNsx41ig0H00AvdNO7mOmImleT6UBwSMt91CMF3zB__________m_J__________yFVHe0?q=%D0%BA%D0%BB%D0%B8%D0%BC%D0%B0%D1%82+%D0%B8%D0%B7%D0%BC%D0%B5%D0%BD%D0%B5%D0%BD%D0%B8%D0%B5+%D0%B2+%D1%80%D0%BE%D1%81%D1%81%D0%B8%D0%B8+2017"
2017,"Что происходит с климатом?","zoomby.ru","http://yabs.yandex.ru/count/3s6uKctC4Iu40000gQB0022EkTo4RGLIbGAR0Mv3jm8j0JA8iBxC4GA9jlOJIW6O59wgJEe1dQgx_0Ic88gjA99nlQoXA9wgBgMYRni2lA2YnGAD0P6_-IEN0fVmLyV18J-iAWEFlTsiHmEVjyS750AJXGsP1KACcE42jeJTjOYxe9NN0w-OuGApWFgqYBlPbTS3se3wb9DbdwUT8mYeje1gg06Z0QxanS17o8TNsx41ig0H00Avghly1C6C4iBw7HdY-d5joGJI__________yFq___________3tWQ?q=%D0%BA%D0%BB%D0%B8%D0%BC%D0%B0%D1%82+%D0%B8%D0%B7%D0%BC%D0%B5%D0%BD%D0%B5%D0%BD%D0%B8%D0%B5+%D0%B2+%D1%80%D0%BE%D1%81%D1%81%D0%B8%D0%B8+2017"
2017,"Изменение климата: что ждет Россию","ria.ru›warming_prognosis/20130924/964750728.html","http://ria.ru/warming_prognosis/20130924/964750728.html"
2017,"Последствия изменения климата в России","greenpeace.org›russia/ru/campaigns/climate…","http://www.greenpeace.org/russia/ru/campaigns/climate/consequences/"
2017,"портал по проблемам изменения климата в России","clicr.ru›post/show/id/1363","http://www.clicr.ru/post/show/id/1363"
2017,"Прогнозы воздействия изменения климата","CyberLeninka.ru›Научные статьи›…-klimata-na-selskoe…","http://CyberLeninka.ru/article/n/prognozy-vozdeystviya-izmeneniya-klimata-na-selskoe-hozyaystvo-v-nizhnem-povolzhie"
2017,"План работы :  вступление  влияние климата на человека","refdb.ru›look/2272351.html","http://refdb.ru/look/2272351.html"
2017,"Почему так резко изменился климат в России?","otvet.mail.ru›question/95051900","https://otvet.mail.ru/question/95051900"
2017,"Прогноз изменения климата России","protown.ru›information/articles/articles_2518.html","http://www.protown.ru/information/articles/articles_2518.html"
2017,"Чем грозит России изменение климата?","rosnauka.ru›Публикации›844","http://rosnauka.ru/publication/844"
2017,"Что ждёт мировой климат","viperson.ru›Публикации›…-zhdyot-mirovoy-klimat","http://viperson.ru/articles/chto-zhdyot-mirovoy-klimat"
2017,"ИЗМЕНЕНИЯ КЛИМАТА - Статьи - Бункер-строительство","bunkerstroy.com.ua›publ/9","http://bunkerstroy.com.ua/publ/9"
2017,"Климат на выставке Мир Климата","climatexpo.ru","http://yabs.yandex.ru/count/SCupcUKlyvi40000gQB0022Ej7TqRGLIbGAR0Mv3jm8j0OYtoFFH1ecgxje3dgfCwW6TdNO7feO8YhVuXuG3lReB_ge3gYwbg61h1hokTsa6ZG6Hktm8_0QNy7qfcYO_h2e3ZxdU8vq8dxfDljGFauKDcGL2Z9262xQGTGEraEu2e9Lf9g-GXWkpaCG9j93k0jcLQIRQaCG9b9rxRAUMKG6ej2bRjGEZ0Qxk242zLz5krx41ig0H00AvdNO7mOmIml8-L3QBINUK0SMF3zB__________m_J__________yFVHe0?q=%D0%BA%D0%BB%D0%B8%D0%BC%D0%B0%D1%82+%D0%B8%D0%B7%D0%BC%D0%B5%D0%BD%D0%B5%D0%BD%D0%B8%D0%B5+%D0%B2+%D1%80%D0%BE%D1%81%D1%81%D0%B8%D0%B8+2026"
2017,"Что происходит с климатом?","zoomby.ru","http://yabs.yandex.ru/count/SCupcRh2C-040000gQB0022Ej7TqRGLIbGAR0Mv3jm8j0JA8iBxC4GA9jlOJIW6O59wgJEe1dQgx_0Ic88gjA99nlQoXA9wgBgMYRni2lA2YnGAD0P6xV0Zy1fVmVIcQ9Z-iAWEFlZ26UWYVivZcAGcJXGsP1KACcE42jeJTjOYxe9NN0w-OuGApWFgqYBlPbTS3se3wb9lPeAULymYejDSrVWIZ0Qxk242zLz5krx41ig0H00Avghly1C6C4iBoFbGsYqbtb07I__________yFq___________3tWQ?q=%D0%BA%D0%BB%D0%B8%D0%BC%D0%B0%D1%82+%D0%B8%D0%B7%D0%BC%D0%B5%D0%BD%D0%B5%D0%BD%D0%B8%D0%B5+%D0%B2+%D1%80%D0%BE%D1%81%D1%81%D0%B8%D0%B8+2026"
2018,"Прогноз изменений климата и геополитиеских последствий","ecoteco.ru›library/magazine…klimata-i…posledstviy…","http://www.ecoteco.ru/library/magazine/zhurnal-111/ekologiya/prognoz-izmeneniy-klimata-i-geopolitieskih-posledstviy-ego-izmeneniya-do-2020-goda/"
2018,"Прогноз климатических изменений на 2010 — 2020 годы","paranormal.org.ru›news.php?wx=569","http://paranormal.org.ru/news.php?wx=569"
2018,"Природа России: ИТОГИ КЛИМАТИЧЕСКИХ ПЕРЕГОВОРОВ","priroda.ru›reviews/detail.php…","http://www.priroda.ru/reviews/detail.php?ID=11298&SECTION_ID="
2018,"Чемпионат мира по футболу 2018 — Википедия","ru.wikipedia.org›Чемпионат мира по футболу 2018","https://ru.wikipedia.org/wiki/%D0%A7%D0%B5%D0%BC%D0%BF%D0%B8%D0%BE%D0%BD%D0%B0%D1%82_%D0%BC%D0%B8%D1%80%D0%B0_%D0%BF%D0%BE_%D1%84%D1%83%D1%82%D0%B1%D0%BE%D0%BB%D1%83_2018"
2018,"Новейший военный вертолет появится в России до 2018","planeta.moy.su›news…v_rossii…2018_goda/2015-02-05…","http://planeta.moy.su/news/novejshij_voennyj_vertolet_pojavitsja_v_rossii_do_2018_goda/2015-02-05-31839"
2018,"Изменение климата: что ждет Россию","ria.ru›warming_prognosis/20130924/964750728.html","http://ria.ru/warming_prognosis/20130924/964750728.html"
2018,"Ученые назвали изменение климата главной мировой","gazetadaily.ru›…nazvali-glavnuyu-mirovuyu…v-2016…","http://gazetadaily.ru/03/02/uchenyie-nazvali-glavnuyu-mirovuyu-ugrozu-v-2016-godu/"
2018,"Чем грозит России изменение климата?","rosnauka.ru›Публикации›844","http://rosnauka.ru/publication/844"
2018,"Последствия изменения климата в России","greenpeace.org›russia/ru/campaigns/climate…","http://www.greenpeace.org/russia/ru/campaigns/climate/consequences/"
2018,"Прогноз изменения климата России","protown.ru›information/articles/articles_2518.html","http://www.protown.ru/information/articles/articles_2518.html"
2018,"Климат на выставке Мир Климата","climatexpo.ru","http://yabs.yandex.ru/count/Ml__WI4Bxri40000gQB0022EkLHqRGLIbGAR0Mv3jm8j0OYtoFFH1ecgxje3dgfCwW6TdNO7feO8YhVuXuG3lReB_ge3gYwbg61h1hokTsa6ZG6HkXU_ymYNy3Z14oO_h2e3ZxpgNAO6dwIUi_gJXGsP1KACa8OBjf1r0xMGxWAWbMachv262xEGn0cqaEu2sPLf9jgGn0cKcJLjfvvV0QYzynYs0wC1hk36mAN9YcRNiG6oe1400hcTTWV1Z1B2yOoXKfPDRtq3nOyFql__________3zF__________mzy6W00?q=%D0%B8%D0%B7%D0%BC%D0%B5%D0%BD%D0%B5%D0%BD%D0%B8%D0%B5+%D0%BA%D0%BB%D0%B8%D0%BC%D0%B0%D1%82%D0%B0+%D0%B2+%D1%80%D0%BE%D1%81%D1%81%D0%B8%D0%B8+2018"
2018,"Что происходит с климатом?","zoomby.ru","http://yabs.yandex.ru/count/Ml__WMs7QEK40000gQB0022EkLHqRGLIbGAR0Mv3jm8j0JA8iBxC4GA9jlOJIW6O59wgJEe1dQgx_0Ic88gjA99nlQoXA9wgBgMYRni2lA2YnGAD0P6w5x_p29VmEC4J9Z-iAWEFjhBYHWgVlgfPKmcJXGsP1KACcE42jeJTjOYxe9NN0w-OuGApWFgqYBlPbTS3se3wb9paeQUMQmceiV_pXGIZ0QxWni2boOfcrx41ig2H00Avghly1C6C4iBnZA5IbarlVGFI__________yFq___________3tWQ?q=%D0%B8%D0%B7%D0%BC%D0%B5%D0%BD%D0%B5%D0%BD%D0%B8%D0%B5+%D0%BA%D0%BB%D0%B8%D0%BC%D0%B0%D1%82%D0%B0+%D0%B2+%D1%80%D0%BE%D1%81%D1%81%D0%B8%D0%B8+2018"
2018,"Прогноз изменений климата и геополитиеских последствий","ecoteco.ru›library/magazine…klimata-i…posledstviy…","http://www.ecoteco.ru/library/magazine/zhurnal-111/ekologiya/prognoz-izmeneniy-klimata-i-geopolitieskih-posledstviy-ego-izmeneniya-do-2020-goda/"
2018,"Прогноз климатических изменений на 2010 — 2020 годы","paranormal.org.ru›news.php?wx=569","http://paranormal.org.ru/news.php?wx=569"
2018,"Природа России: ИТОГИ КЛИМАТИЧЕСКИХ ПЕРЕГОВОРОВ","priroda.ru›reviews/detail.php…","http://www.priroda.ru/reviews/detail.php?ID=11298&SECTION_ID="
2018,"Чемпионат мира по футболу 2018 — Википедия","ru.wikipedia.org›Чемпионат мира по футболу 2018","https://ru.wikipedia.org/wiki/%D0%A7%D0%B5%D0%BC%D0%BF%D0%B8%D0%BE%D0%BD%D0%B0%D1%82_%D0%BC%D0%B8%D1%80%D0%B0_%D0%BF%D0%BE_%D1%84%D1%83%D1%82%D0%B1%D0%BE%D0%BB%D1%83_2018"
2018,"Изменение климата: что ждет Россию","ria.ru›warming_prognosis/20130924/964750728.html","http://ria.ru/warming_prognosis/20130924/964750728.html"
2018,"В России выборы изменили деловой климат - 9 Грудня","holosua.com›news/v_rossii…klimat/2011-12-09-22684","http://holosua.com/news/v_rossii_vybory_izmenili_delovoj_klimat/2011-12-09-22684"
2018,"Новейший военный вертолет появится в России до 2018","planeta.moy.su›news…v_rossii…2018_goda/2015-02-05…","http://planeta.moy.su/news/novejshij_voennyj_vertolet_pojavitsja_v_rossii_do_2018_goda/2015-02-05-31839"
2018,"Ученые назвали изменение климата главной мировой","gazetadaily.ru›…nazvali-glavnuyu-mirovuyu…v-2016…","http://gazetadaily.ru/03/02/uchenyie-nazvali-glavnuyu-mirovuyu-ugrozu-v-2016-godu/"
2018,"Прогноз изменения климата России","protown.ru›information/articles/articles_2518.html","http://www.protown.ru/information/articles/articles_2518.html"
2018,"Основные направления развития","cbr.ru›finmarkets/files/development/opr_1618.pdf","http://www.cbr.ru/finmarkets/files/development/opr_1618.pdf"
2018,"Климат на выставке Мир Климата","climatexpo.ru","http://yabs.yandex.ru/count/4PPQjpHYPlq40000gQB0022EkMXqRGLIbGAR0Mv3jm8j0OYtoFFH1ecgxje3dgfCwW6TdNO7feO8YhVuXuG3lReB_ge3gYwbg61h1hokTsa6ZG6HjBzrPGoNy3Z14oO_h2e3ZxpgNAO6dwIUi_gJXGsP1KACa8OBjf1r0xMGxWAWbMachv262xEGn0cqaEu2sPLf9jgGn0cKcJLjfvbN0QYxNmks0wC1hk39G18uKMlNiG6oe1400hcTTWV1Z1B2-RT2kPUrbgW2nOyFql__________3zF__________mzy6W00?q=%D0%BA%D0%BB%D0%B8%D0%BC%D0%B0%D1%82+%D0%B8%D0%B7%D0%BC%D0%B5%D0%BD%D0%B5%D0%BD%D0%B8%D0%B5+%D0%B2+%D1%80%D0%BE%D1%81%D1%81%D0%B8%D0%B8+2018"
2018,"Что происходит с климатом?","zoomby.ru","http://yabs.yandex.ru/count/4PPQjyXRi-e40000gQB0022EkMXqRGLIbGAR0Mv3jm8j0JA8iBxC4GA9jlOJIW6O59wgJEe1dQgx_0Ic88gjA99nlQoXA9wgBgMYRni2lA2YnGAD0P6qltLb39VmEC4J9Z-iAWEFjhBYHWgVlgfPKmcJXGsP1KACcE42jeJTjOYxe9NN0w-OuGApWFgqYBlPbTS3se3wb97ReQUJIGcekrH2WWIZ0QxWoK0IE55hrx41ig0H00Avghly1C6C4iBvjqAvbxMMg0BI__________yFq___________3tWQ?q=%D0%BA%D0%BB%D0%B8%D0%BC%D0%B0%D1%82+%D0%B8%D0%B7%D0%BC%D0%B5%D0%BD%D0%B5%D0%BD%D0%B8%D0%B5+%D0%B2+%D1%80%D0%BE%D1%81%D1%81%D0%B8%D0%B8+2018"
2018,"Прогноз климатических изменений на 2010 — 2020 годы","paranormal.org.ru›news.php?wx=569","http://paranormal.org.ru/news.php?wx=569"
2018,"Стадионы ЧМ-2018 могут быть сертифицированы","climatechange.ru›node/2050","http://www.climatechange.ru/node/2050"
2018,"Изменение климата","rus.sika.com›ru/group/sika_obwestvo…climate…","http://rus.sika.com/ru/group/sika_obwestvo/megatrends/climate_change.html"
2018,"Природа России: ИТОГИ КЛИМАТИЧЕСКИХ ПЕРЕГОВОРОВ","priroda.ru›reviews/detail.php…","http://www.priroda.ru/reviews/detail.php?ID=11298&SECTION_ID="
2018,"ПРОБЛЕМ ИЗМЕНЕНИЯ ГЛОБАЛЬНОГО КЛИМАТА - тема","CyberLeninka.ru›Научные статьи›…-globalnogo-klimata","http://CyberLeninka.ru/article/n/klimaticheskaya-politika-rossiyskoy-federatsii-i-reshenie-problem-izmeneniya-globalnogo-klimata"
2018,"климата в Ульяновской области"" на 2014 - 2018 годы","docs.cntd.ru›document/463704407","http://docs.cntd.ru/document/463704407"
2018,"В России выборы изменили деловой климат - 9 Грудня","holosua.com›news…rossii_vybory…klimat/2011-12-09…","http://holosua.com/news/v_rossii_vybory_izmenili_delovoj_klimat/2011-12-09-22684"
2018,"Отзывов (33) на «Изменение климата»","konecsveta.lazev.ru›2011/04/izmenenie-klimata/","http://konecsveta.lazev.ru/2011/04/izmenenie-klimata/"
2018,"Основные направления развития","cbr.ru›finmarkets/files/development/opr_1618.pdf","http://www.cbr.ru/finmarkets/files/development/opr_1618.pdf"
2018,"Климат России","geographyofrussia.com›Климат России","http://geographyofrussia.com/klimat-rossii/"
2018,"Климат на выставке Мир Климата","climatexpo.ru","http://yabs.yandex.ru/count/60gOVKATtvO40000gQB0022Ek7rqRGLIbGAR0Mv3jm8j0OYtoFFH1ecgxje3dgfCwW6TdNO7feO8YhVuXuG3lReB_ge3gYwbg61h1hokTsa6ZG6HktrHwWkNy3Z14oO_h2e3ZxN8kYu6dwH2gD6JXGsP1KACa8OBjf1r0xMGxWAWbMachv262xEGn0cqaEu2sPLf9jgGn0cKbYPjfvnd0QYt8QIq0wC1hk0VmFyiJN3NiG6oe9400hcTTWV1Z1B2-OZBaX6N17S5nOyFql__________3zF__________mzy6W00?q=%D1%80%D0%BE%D1%81%D1%81%D0%B8%D1%8F+%D0%BA%D0%BB%D0%B8%D0%BC%D0%B0%D1%82+%D0%B8%D0%B7%D0%BC%D0%B5%D0%BD%D0%B5%D0%BD%D0%B8%D0%B5+2018"
2018,"Что происходит с климатом?","zoomby.ru","http://yabs.yandex.ru/count/60gOVKQcCl440000gQB0022Ek7rqRGLIbGAR0Mv3jm8j0JA8iBxC4GA9jlOJIW6O59wgJEe1dQgx_0Ic88gjA99nlQoXA9wgBgMYRni2lA2YnGAD0P6xVL7g2vVmEC4J9Z-iAWEFkmRpUWkVjwWaKWkJXGsP1KACcE42jeJTjOYxe9NN0w-OuGApWFgqYBlPbTS3se3wb9FBeQUU6WcelGgUVGIZ0QxW7y3_B4rmrx41ig2H00Avghly1C6C4iBvYCkI4PS4TmNI__________yFq___________3tWQ?q=%D1%80%D0%BE%D1%81%D1%81%D0%B8%D1%8F+%D0%BA%D0%BB%D0%B8%D0%BC%D0%B0%D1%82+%D0%B8%D0%B7%D0%BC%D0%B5%D0%BD%D0%B5%D0%BD%D0%B8%D0%B5+2018"
2019,"Изменение климата: что ждет Россию","ria.ru›warming_prognosis/20130924/964750728.html","http://ria.ru/warming_prognosis/20130924/964750728.html"
2019,"Главная страница","pts21.narod.ru›potop2008_2020.html","http://pts21.narod.ru/potop2008_2020.html"
2019,"Конец света: 2012-2019 годы Прогноз А В Полюха","konecsweta.blogspot.co.il›2013/06/17.html","http://konecsweta.blogspot.co.il/2013/06/17.html"
2019,"Зимняя Универсиада 2019 — Википедия","ru.wikipedia.org›Зимняя Универсиада 2019","https://ru.wikipedia.org/wiki/%D0%97%D0%B8%D0%BC%D0%BD%D1%8F%D1%8F_%D0%A3%D0%BD%D0%B8%D0%B2%D0%B5%D1%80%D1%81%D0%B8%D0%B0%D0%B4%D0%B0_2019"
2019,"ПОЖАЛУЙСТА ПОМОГИТЕ!!! Особ - Школьные Знанияcom","znanija.com›task/622833","http://znanija.com/task/622833"
2019,"Последствия изменения климата в России","greenpeace.org›russia/ru/campaigns/climate…","http://www.greenpeace.org/russia/ru/campaigns/climate/consequences/"
2019,"прогнозы катастроф Климатические изменения","idp-cs.net›L-ptst.php…","http://idp-cs.net/L-ptst.php?fmcat=lprog2.php&num=1"
2019,"В России выборы изменили деловой климат - 9 Грудня","holosua.com›news/v_rossii_vybory…2011-12-09-22684","http://holosua.com/news/v_rossii_vybory_izmenili_delovoj_klimat/2011-12-09-22684"
2019,"Cbonds Еврооблигации: Россия, 2019","ru.cbonds.info›Расширенный поиск›Россия","http://ru.cbonds.info/emissions/issue/44545"
2019,"Последствия изменений климата в России и адаптация","institutiones.com›…posledstviya…klimata-v-rossii…","http://institutiones.com/general/2050-posledstviya-izmenenij-klimata-v-rossii-i-adaptaciya.html"
2019,"Климат на выставке Мир Климата","climatexpo.ru","http://yabs.yandex.ru/count/3ljH0ux-VFe40000gQB0022EibTqRGLIbGAR0Mv3jm8j0OYtoFFH1ecgxje3dgfCwW6TdNO7feO8YhVuXuG3lReB_ge3gYwbg61h1hokTsa6ZG6HlRZYFmcNy3Z14oO_h2e3ZxqRK686dxeMFQyFauKDcGL2Z9262xQGTGEraEu2e9Lf9g-GXWkpaCG9j93k0jcLQIRQaCG9b9rxRAUJK06ekx5tjWEZ0Qxdwq3c5oXdrx41ig0H00AvdNO7mOmImlBEEn0oy5G02iMF3zB__________m_J__________yFVHe0?q=%D0%B8%D0%B7%D0%BC%D0%B5%D0%BD%D0%B5%D0%BD%D0%B8%D0%B5+%D0%BA%D0%BB%D0%B8%D0%BC%D0%B0%D1%82%D0%B0+%D0%B2+%D1%80%D0%BE%D1%81%D1%81%D0%B8%D0%B8+2019"
2019,"Что происходит с климатом?","zoomby.ru","http://yabs.yandex.ru/count/3ljH0rOpKPm40000gQB0022EibTqRGLIbGAR0Mv3jm8j0JA8iBxC4GA9jlOJIW6O59wgJEe1dQgx_0Ic88gjA99nlQoXA9wgBgMYRni2lA2YnGAD0P6zkE8_2PVmEC4J9Z-iAWEFk6UNsGkVinIUVWMJXGsP1KACcE42jeJTjOYxe9NN0w-OuGApWFgqYBlPbTS3se3wb9VZeAUMw0YelSVqXWIZ0Qxdwq3c5oXdrx41ig2H00Avghly1C6C4iBopZiGCl1K00hI__________yFq___________3tWQ?q=%D0%B8%D0%B7%D0%BC%D0%B5%D0%BD%D0%B5%D0%BD%D0%B8%D0%B5+%D0%BA%D0%BB%D0%B8%D0%BC%D0%B0%D1%82%D0%B0+%D0%B2+%D1%80%D0%BE%D1%81%D1%81%D0%B8%D0%B8+2019"
2019,"Изменение климата: что ждет Россию","ria.ru›warming_prognosis/20130924/964750728.html","http://ria.ru/warming_prognosis/20130924/964750728.html"
2019,"Главная страница","pts21.narod.ru›potop2008_2020.html","http://pts21.narod.ru/potop2008_2020.html"
2019,"Конец света: 2012-2019 годы Прогноз А В Полюха","konecsweta.blogspot.co.il›2013/06/17.html","http://konecsweta.blogspot.co.il/2013/06/17.html"
2019,"прогнозы катастроф Климатические изменения","idp-cs.net›L-ptst.php…","http://idp-cs.net/L-ptst.php?fmcat=lprog2.php&num=1"
2019,"Зимняя Универсиада 2019 — Википедия","ru.wikipedia.org›Зимняя Универсиада 2019","https://ru.wikipedia.org/wiki/%D0%97%D0%B8%D0%BC%D0%BD%D1%8F%D1%8F_%D0%A3%D0%BD%D0%B8%D0%B2%D0%B5%D1%80%D1%81%D0%B8%D0%B0%D0%B4%D0%B0_2019"
2019,"Последствия изменения климата в России","greenpeace.org›russia/ru/campaigns/climate…","http://www.greenpeace.org/russia/ru/campaigns/climate/consequences/"
2019,"В России выборы изменили деловой климат - 9 Грудня","holosua.com›news/v_rossii…klimat/2011-12-09-22684","http://holosua.com/news/v_rossii_vybory_izmenili_delovoj_klimat/2011-12-09-22684"
2019,"Ответы@MailRu: Вы верите в предсказание Ванги о том, что осенью 2019 году на востоке России появятся","otvet.mail.ru›question/79596807","https://otvet.mail.ru/question/79596807"
2019,"Правительства РФ от 31102013 N 2019-р (ред","Consultant.ru›document/cons_doc_LAW_153972/","http://www.Consultant.ru/document/cons_doc_LAW_153972/"
2019,"представила ООН план по борьбе с изменением климата","unic.ru›event/2015-04-01…rossii…izmeneniem-klimata","http://www.unic.ru/event/2015-04-01/v-rossii/rossiya-predstavila-oon-plan-po-borbe-s-izmeneniem-klimata"
2019,"Климат на выставке Мир Климата","climatexpo.ru","http://yabs.yandex.ru/count/L-UJWttJ1lm40000gQB0022EjsfqRGLIbGAR0Mv3jm8j0OYtoFFH1ecgxje3dgfCwW6TdNO7feO8YhVuXuG3lReB_ge3gYwbg61h1hokTsa6ZG6Hin0egGsNy7qfcYO_h2e3ZxqRK686dxeMFQyFauKDcGL2Z9262xQGTGEraEu2e9Lf9g-GXWkpaCG9j93k0jcLQIRQaCG9b9rxRAUMKG6ekvm5jWEZ0Qxd2m3uiy5hrx41ig0H00AvdNO7mOmImlqXsfkBkB2L3SMF3zB__________m_J__________yFVHe0?q=%D0%BA%D0%BB%D0%B8%D0%BC%D0%B0%D1%82+%D0%B8%D0%B7%D0%BC%D0%B5%D0%BD%D0%B5%D0%BD%D0%B8%D0%B5+%D0%B2+%D1%80%D0%BE%D1%81%D1%81%D0%B8%D0%B8+2019"
2019,"Что происходит с климатом?","zoomby.ru","http://yabs.yandex.ru/count/L-UJW_YABye40000gQB0022EjsfqRGLIbGAR0Mv3jm8j0JA8iBxC4GA9jlOJIW6O59wgJEe1dQgx_0Ic88gjA99nlQoXA9wgBgMYRni2lA2YnGAD0P6p42Yf3PVmVIcQ9Z-iAWEFk6UNsGkVinIUVWMJXGsP1KACcE42jeJTjOYxe9NN0w-OuGApWFgqYBlPbTS3se3wb9lPeAULymYeiKFaWGIZ0Qxd2m3uiy5hrx41ig0H00Avghly1C6C4iBz8TgRYxYmbGtI__________yFq___________3tWQ?q=%D0%BA%D0%BB%D0%B8%D0%BC%D0%B0%D1%82+%D0%B8%D0%B7%D0%BC%D0%B5%D0%BD%D0%B5%D0%BD%D0%B8%D0%B5+%D0%B2+%D1%80%D0%BE%D1%81%D1%81%D0%B8%D0%B8+2019"
2019,"Прогноз климатических изменений на 2010 — 2020 годы","paranormal.org.ru›news.php?wx=569","http://paranormal.org.ru/news.php?wx=569"
2019,"Стадионы ЧМ-2018 могут быть сертифицированы","climatechange.ru›node/2050","http://www.climatechange.ru/node/2050"
2019,"Изменение климата","rus.sika.com›ru/group/sika_obwestvo…climate…","http://rus.sika.com/ru/group/sika_obwestvo/megatrends/climate_change.html"
2019,"Природа России: ИТОГИ КЛИМАТИЧЕСКИХ ПЕРЕГОВОРОВ","priroda.ru›reviews/detail.php…","http://www.priroda.ru/reviews/detail.php?ID=11298&SECTION_ID="
2019,"ПРОБЛЕМ ИЗМЕНЕНИЯ ГЛОБАЛЬНОГО КЛИМАТА - тема","CyberLeninka.ru›Научные статьи›…-globalnogo-klimata","http://CyberLeninka.ru/article/n/klimaticheskaya-politika-rossiyskoy-federatsii-i-reshenie-problem-izmeneniya-globalnogo-klimata"
2019,"климата в Ульяновской области"" на 2014 - 2018 годы","docs.cntd.ru›document/463704407","http://docs.cntd.ru/document/463704407"
2019,"В России выборы изменили деловой климат - 9 Грудня","holosua.com›news…rossii_vybory…klimat/2011-12-09…","http://holosua.com/news/v_rossii_vybory_izmenili_delovoj_klimat/2011-12-09-22684"
2019,"Отзывов (33) на «Изменение климата»","konecsveta.lazev.ru›2011/04/izmenenie-klimata/","http://konecsveta.lazev.ru/2011/04/izmenenie-klimata/"
2019,"Основные направления развития","cbr.ru›finmarkets/files/development/opr_1618.pdf","http://www.cbr.ru/finmarkets/files/development/opr_1618.pdf"
2019,"Климат России","geographyofrussia.com›Климат России","http://geographyofrussia.com/klimat-rossii/"
2019,"Климат на выставке Мир Климата","climatexpo.ru","http://yabs.yandex.ru/count/60gOVKATtvO40000gQB0022Ek7rqRGLIbGAR0Mv3jm8j0OYtoFFH1ecgxje3dgfCwW6TdNO7feO8YhVuXuG3lReB_ge3gYwbg61h1hokTsa6ZG6HktrHwWkNy3Z14oO_h2e3ZxN8kYu6dwH2gD6JXGsP1KACa8OBjf1r0xMGxWAWbMachv262xEGn0cqaEu2sPLf9jgGn0cKbYPjfvnd0QYt8QIq0wC1hk0VmFyiJN3NiG6oe9400hcTTWV1Z1B2-OZBaX6N17S5nOyFql__________3zF__________mzy6W00?q=%D1%80%D0%BE%D1%81%D1%81%D0%B8%D1%8F+%D0%BA%D0%BB%D0%B8%D0%BC%D0%B0%D1%82+%D0%B8%D0%B7%D0%BC%D0%B5%D0%BD%D0%B5%D0%BD%D0%B8%D0%B5+2018"
2019,"Что происходит с климатом?","zoomby.ru","http://yabs.yandex.ru/count/60gOVKQcCl440000gQB0022Ek7rqRGLIbGAR0Mv3jm8j0JA8iBxC4GA9jlOJIW6O59wgJEe1dQgx_0Ic88gjA99nlQoXA9wgBgMYRni2lA2YnGAD0P6xVL7g2vVmEC4J9Z-iAWEFkmRpUWkVjwWaKWkJXGsP1KACcE42jeJTjOYxe9NN0w-OuGApWFgqYBlPbTS3se3wb9FBeQUU6WcelGgUVGIZ0QxW7y3_B4rmrx41ig2H00Avghly1C6C4iBvYCkI4PS4TmNI__________yFq___________3tWQ?q=%D1%80%D0%BE%D1%81%D1%81%D0%B8%D1%8F+%D0%BA%D0%BB%D0%B8%D0%BC%D0%B0%D1%82+%D0%B8%D0%B7%D0%BC%D0%B5%D0%BD%D0%B5%D0%BD%D0%B8%D0%B5+2018"
2020,"Прогноз изменений климата до 2020 года","live.mebel-almaty.kz›?p=2699","http://live.mebel-almaty.kz/?p=2699"
2020,"Прогноз климатических изменений на 2010 — 2020 годы","paranormal.org.ru›news.php?wx=569","http://paranormal.org.ru/news.php?wx=569"
2020,"Изменение климата: что ждет Россию","MirPrognozov.ru›…climate/izmenenie-klimata…rossiyu","http://www.MirPrognozov.ru/prognosis/climate/izmenenie-klimata-chto-jdet-rossiyu"
2020,"Потепление климата к 2020 г заставит голодать каждого","clicr.ru›post/show/id/806","http://www.clicr.ru/post/show/id/806"
2020,"Последствия изменений климата в России и адаптация","institutiones.com›…posledstviya…klimata-v-rossii…","http://institutiones.com/general/2050-posledstviya-izmenenij-klimata-v-rossii-i-adaptaciya.html"
2020,"Сайт об изменении климата Земли ""Россия 2010-2020","poteplenie.ru›problem/oi-siberia.htm","http://www.poteplenie.ru/problem/oi-siberia.htm"
2020,"Изменение климата и его последствия к 2020 году","e-reading.by›chapter.php/144066/52…Rossiya…v_2020…","http://www.e-reading.by/chapter.php/144066/52/Shubin_-_Rossiya_i_mir_v_2020_godu.html"
2020,"Изменение Климата России - климата на 2020-ые","climatechange.igce.ru›Изменение Климата России","http://climatechange.igce.ru/index.php?id=38&Itemid=70&lang=ru&option=com_content&task=view"
2020,"Россия к 2020 году сократит выбросы парниковых газов","rg.ru›2015/12/01/parnik.html","http://www.rg.ru/2015/12/01/parnik.html"
2020,"Изменение климата и его последствия к 2020 году","scibook.net›…rossii/izmenenie-klimata-ego…2020…","http://scibook.net/istoriya-rossii/izmenenie-klimata-ego-posledstviya-2020-40836.html"
2020,"Климат на выставке Мир Климата","climatexpo.ru","http://yabs.yandex.ru/count/TZq1wfgCeUW40000gQB0022EkLbqRGLIbGAR0Mv3jm8j0OYtoFFH1ecgxje3dgfCwW6TdNO7feO8YhVuXuG3lReB_ge3gYwbg61h1hokTsa6ZG6Hj035sGINy3Z14oO_h2e3ZxiXcM85dxd9yWyCauKDcGL2Z9262xQGTGEraEu2e9Lf9g-GXWkpaCG9j93k0jcLQIRQaCG9b99qRAUGKG6elVCOjWEZ0QxcnO3WLRrdrx41ig0H00AvdNO7mOmImlCSNO58HlWL2yMF3zB__________m_J__________yFVHe0?q=%D0%B8%D0%B7%D0%BC%D0%B5%D0%BD%D0%B5%D0%BD%D0%B8%D0%B5+%D0%BA%D0%BB%D0%B8%D0%BC%D0%B0%D1%82%D0%B0+%D0%B2+%D1%80%D0%BE%D1%81%D1%81%D0%B8%D0%B8+2020"
2020,"Что происходит с климатом?","zoomby.ru","http://yabs.yandex.ru/count/TZq1wdd2G6440000gQB0022EkLbqRGLIbGAR0Mv3jm8j0JA8iBxC4GA9jlOJIW6O59wgJEe1dQgx_0Ic88gjA99nlQoXA9wgBgMYRni2lA2YnGAD0P6q0CNP19VmEC4J9Z-iAWEFixMDi0QVlqqeJm6JXGsP1KACcE42jeJTjOYxe9NN0w-OuGApWFgqYBlPbTS3se3wb9VZeAUQ_GYekd_CXGIZ0QxcnO3WLRrdrx41ig2H00Avghly1C6C4iBp75s1I4Ru5GlI__________yFq___________3tWQ?q=%D0%B8%D0%B7%D0%BC%D0%B5%D0%BD%D0%B5%D0%BD%D0%B8%D0%B5+%D0%BA%D0%BB%D0%B8%D0%BC%D0%B0%D1%82%D0%B0+%D0%B2+%D1%80%D0%BE%D1%81%D1%81%D0%B8%D0%B8+2020"
2020,"Прогноз изменений климата до 2020 года","live.mebel-almaty.kz›?p=2699","http://live.mebel-almaty.kz/?p=2699"
2020,"Прогноз климатических изменений на 2010 — 2020 годы","paranormal.org.ru›news.php?wx=569","http://paranormal.org.ru/news.php?wx=569"
2020,"Изменение климата: что ждет Россию","MirPrognozov.ru›…climate/izmenenie-klimata…rossiyu","http://www.MirPrognozov.ru/prognosis/climate/izmenenie-klimata-chto-jdet-rossiyu"
2020,"Потепление климата к 2020 г заставит голодать каждого","clicr.ru›post/show/id/806","http://www.clicr.ru/post/show/id/806"
2020,"Последствия изменений климата в России и адаптация","institutiones.com›…posledstviya…klimata-v-rossii…","http://institutiones.com/general/2050-posledstviya-izmenenij-klimata-v-rossii-i-adaptaciya.html"
2020,"Сайт об изменении климата Земли ""Россия 2010-2020","poteplenie.ru›problem/oi-siberia.htm","http://www.poteplenie.ru/problem/oi-siberia.htm"
2020,"Изменение Климата России - климата на 2020-ые","climatechange.igce.ru›Изменение Климата России","http://climatechange.igce.ru/index.php?id=38&Itemid=70&lang=ru&option=com_content&task=view"
2020,"Россия 2010-2020 — без Сибири?","antropotok.archipelag.ru›text/a116.htm","http://www.antropotok.archipelag.ru/text/a116.htm"
2020,"Изменение климата","global-climate-change.ru","http://global-climate-change.ru/"
2020,"Россия к 2020 году сократит выбросы парниковых газов","rg.ru›2015/12/01/parnik.html","http://www.rg.ru/2015/12/01/parnik.html"
2020,"Климат на выставке Мир Климата","climatexpo.ru","http://yabs.yandex.ru/count/29MtLGp-Ism40000gQB0022EjcnqRGLIbGAR0Mv3jm8j0OYtoFFH1ecgxje3dgfCwW6TdNO7feO8YhVuXuG3lReB_ge3gYwbg61h1hokTsa6ZG6HggWFJvVmVIcQ9Z-iAWEFko6POWMVkSdo3moJXGsP1KACdNiCjfo-0xMOB0EWbMachvrx3BEGn0cqc2m3sPLf9jgGn0cKadHifvPC0QYtbykr0wC1hk5nmcsCEcpNiG6oe1400hcTTWV1Z1B2-yDz3GBIgn88nOyFql__________3zF__________mzy6W00?q=%D0%BA%D0%BB%D0%B8%D0%BC%D0%B0%D1%82+%D0%B8%D0%B7%D0%BC%D0%B5%D0%BD%D0%B5%D0%BD%D0%B8%D0%B5+%D0%B2+%D1%80%D0%BE%D1%81%D1%81%D0%B8%D0%B8+2020"
2020,"Что происходит с климатом?","zoomby.ru","http://yabs.yandex.ru/count/29MtLNwcav840000gQB0022EjcnqRGLIbGAR0Mv3jm8j0JA8iBxC4GA9jlOJIW6O59wgJEe1dQgx_0Ic88gjA99nlQoXA9wgBgMYRni2lA2YnGAD0P6gg0zFb_1zAPecFwmg0u-pjOsm1f-_JIXF0PE53Pa5GeoOuGAsXDsrYBkWbTS3hvZX0hE0-hI8kzcLrmFQWFgKczcWfvG32QYrK8A11AC1hk5nmcsCEcpNiG6oe1400hcgk_m4mOmImll3VGq2qgiI2DB__________m_J__________yFVna0?q=%D0%BA%D0%BB%D0%B8%D0%BC%D0%B0%D1%82+%D0%B8%D0%B7%D0%BC%D0%B5%D0%BD%D0%B5%D0%BD%D0%B8%D0%B5+%D0%B2+%D1%80%D0%BE%D1%81%D1%81%D0%B8%D0%B8+2020"
2020,"Прогноз изменений климата до 2020 года","live.mebel-almaty.kz›?p=2699","http://live.mebel-almaty.kz/?p=2699"
2020,"Прогноз климатических изменений на 2010 — 2020 годы","paranormal.org.ru›news.php?wx=569","http://paranormal.org.ru/news.php?wx=569"
2020,"Изменение климата: что ждет Россию","MirPrognozov.ru›…climate/izmenenie-klimata-chto…","http://www.MirPrognozov.ru/prognosis/climate/izmenenie-klimata-chto-jdet-rossiyu"
2020,"Изменение Климата России - климата на 2020-ые","climatechange.igce.ru›Изменение Климата России","http://climatechange.igce.ru/index.php?id=38&Itemid=70&lang=ru&option=com_content&task=view"
2020,"портал по проблемам изменения климата в России","clicr.ru›post/show/id/147","http://www.clicr.ru/post/show/id/147"
2020,"Россия к 2020 году сократит выбросы парниковых газов","rg.ru›2015/12/01/parnik.html","http://www.rg.ru/2015/12/01/parnik.html"
2020,"Последствия изменений климата в России и адаптация","institutiones.com›general/2050…izmenenij-klimata…","http://institutiones.com/general/2050-posledstviya-izmenenij-klimata-v-rossii-i-adaptaciya.html"
2020,"Сайт об изменении климата Земли ""Россия 2010-2020","poteplenie.ru›problem/oi-siberia.htm","http://www.poteplenie.ru/problem/oi-siberia.htm"
2020,"Изменение климата","global-climate-change.ru","http://global-climate-change.ru/"
2020,"Изменение климата","greenpeace.org›russia/ru/campaigns/climate/","http://www.greenpeace.org/russia/ru/campaigns/climate/"
2020,"Климат на выставке Мир Климата","climatexpo.ru","http://yabs.yandex.ru/count/0cZ2anGIjfi40000gQB0022ElyY4RGLIbGAR0Mv3jm8j0OYtoFFH1ecgxje3dgfCwW6TdNO7feO8YhVuXuG3lReB_ge3gYwbg61h1hokTsa6ZG6HjMehm0UNy7qfcYO_h2e3Zx2LhOu9dxu2hF0AauKDcGL2Z9EG2hQKAmErcAy2e9Lf9g-Ja0gpaCG9j9Yl0jcLQIRQaCG9b9WHRQUMTm6ejojAJ0EZ0Qxa400wejbIsx41ig0H00AvdNO7mOmImliBiz_GqiMj3CMF3zB__________m_J__________yFVHe0?q=%D1%80%D0%BE%D1%81%D1%81%D0%B8%D1%8F+%D0%BA%D0%BB%D0%B8%D0%BC%D0%B0%D1%82+%D0%B8%D0%B7%D0%BC%D0%B5%D0%BD%D0%B5%D0%BD%D0%B8%D0%B5+2020"
2020,"Что происходит с климатом?","zoomby.ru","http://yabs.yandex.ru/count/0cZ2amd9d4W40000gQB0022ElyY4RGLIbGAR0Mv3jm8j0JA8iBxC4GA9jlOJIW6O59wgJEe1dQgx_0Ic88gjA99nlQoXA9wgBgMYRni2lA2YnGAD0P6rQYl01vVmVIcQ9Z-iAWEFjvTpf0IVjN_R7GgJXGsP1KACcE42jeJTjOYxe9NN0w-OuGApWFgqYBlPbTS3se3wb9iBeAUJDWYeihtohG6Z0Qxa400wejbIsx41ig0H00Avghly1C6C4iBx2xFVqDB5hGpI__________yFq___________3tWQ?q=%D1%80%D0%BE%D1%81%D1%81%D0%B8%D1%8F+%D0%BA%D0%BB%D0%B8%D0%BC%D0%B0%D1%82+%D0%B8%D0%B7%D0%BC%D0%B5%D0%BD%D0%B5%D0%BD%D0%B8%D0%B5+2020"
2021,"Изменение климата: что ждет Россию","ria.ru›warming_prognosis/20130924/964750728.html","http://ria.ru/warming_prognosis/20130924/964750728.html"
2021,"Мир оказался в продовольствен-ной ловушке","climatechange.ru›node/849","http://www.climatechange.ru/node/849"
2021,"4 Последствия изменения климата для России","kurginyan.viperson.ru›articles…klimata-dlya-rossii","http://kurginyan.viperson.ru/articles/4-posledstviya-izmeneniya-klimata-dlya-rossii"
2021,"Кто больше всех пострадал от изменения климата?","cont.ws›post/205905","http://cont.ws/post/205905"
2021,"Исследования климата","global-climate-change.ru›index.php/en/…","http://global-climate-change.ru/index.php/en/climateresearches"
2021,"до 2021 года на борьбу с климатическими изменениями","tass.ru›Международная панорама›1464367","http://tass.ru/mezhdunarodnaya-panorama/1464367"
2021,"Последствия изменения климата в России","greenpeace.org›russia/ru/campaigns/climate…","http://www.greenpeace.org/russia/ru/campaigns/climate/consequences/"
2021,"конгрессы КлиматБазы данных (изменения от 14","tvernedra.ru›product22.html","http://www.tvernedra.ru/product22.html"
2021,"Федеральная служба по гидрометеорологии и мониторингу","meteorf.ru›upload…izmenenie-klimata…sep-2014.pdf","http://www.meteorf.ru/upload/iblock/9be/izmenenie-klimata-n49-augsep-2014.pdf"
2021,"Последствия изменений климата в России и адаптация","institutiones.com›…posledstviya…klimata-v-rossii…","http://institutiones.com/general/2050-posledstviya-izmenenij-klimata-v-rossii-i-adaptaciya.html"
2021,"Климат на выставке Мир Климата","climatexpo.ru","http://yabs.yandex.ru/count/Pruf4VZ-Fcy40000gQB0022EjbjqRGLIbGAR0Mv3jm8j0OYtoFFH1ecgxje3dgfCwW6TdNO7feO8YhVuXuG3lReB_ge3gYwbg61h1hokTsa6ZG6HlV89jWINy5V7mI4_h2e3Zx3td8iEdxtCPAWEauKDcGL2Z9262xQGTGEraEu2e9Lf9g-GXWkpaCG9j93k0jcLQIRQaCG9b9arRQUONW6ekx5tjWEZ0Qxb4C3deInerx41ig0H00AvdNO7mOmImlp83ueEbuRO0yMF3zB__________m_J__________yFVHe0?q=%D0%B8%D0%B7%D0%BC%D0%B5%D0%BD%D0%B5%D0%BD%D0%B8%D0%B5+%D0%BA%D0%BB%D0%B8%D0%BC%D0%B0%D1%82%D0%B0+%D0%B2+%D1%80%D0%BE%D1%81%D1%81%D0%B8%D0%B8+2021"
2021,"Что происходит с климатом?","zoomby.ru","http://yabs.yandex.ru/count/Pruf4RDaUGe40000gQB0022EjbjqRGLIbGAR0Mv3jm8j0JA8iBxC4GA9jlOJIW6O59wgJEe1dQgx_0Ic88gjA99nlQoXA9wgBgMYRni2lA2YnGAD0P6zyWcs19VmLyV18J-iAWEFeMXWAv-qt3D10fE53Pa5GeoOuGAsXDsrYBkWbTS3hvZX0hE0-hI8kzcLrmFQWFgKdEIXfvvN2QYnbE651AC1hkKGmEUXB6ZNiG6oe9400hcgk_m4mOmImlp83ueEbuRO0zB__________m_J__________yFVna0?q=%D0%B8%D0%B7%D0%BC%D0%B5%D0%BD%D0%B5%D0%BD%D0%B8%D0%B5+%D0%BA%D0%BB%D0%B8%D0%BC%D0%B0%D1%82%D0%B0+%D0%B2+%D1%80%D0%BE%D1%81%D1%81%D0%B8%D0%B8+2021"
2021,"Изменение климата: что ждет Россию","ria.ru›warming_prognosis/20130924/964750728.html","http://ria.ru/warming_prognosis/20130924/964750728.html"
2021,"Последствия изменения климата в России","greenpeace.org›russia/ru/campaigns/climate…","http://www.greenpeace.org/russia/ru/campaigns/climate/consequences/"
2021,"Исследования климата","global-climate-change.ru›index…climateresearches","http://global-climate-change.ru/index.php/en/climateresearches"
2021,"до 2021 года на борьбу с климатическими изменениями","tass.ru›Международная панорама›1464367","http://tass.ru/mezhdunarodnaya-panorama/1464367"
2021,"или климат для изменений? ""","globalaffairs.ru›number/n_14569","http://globalaffairs.ru/number/n_14569"
2021,"Кто больше всех пострадал от изменения климата?","cont.ws›post/205905","http://cont.ws/post/205905"
2021,"Почему так резко изменился климат в России?","otvet.mail.ru›question/95051900","https://otvet.mail.ru/question/95051900"
2021,"4 Последствия изменения климата для России","kurginyan.viperson.ru›articles…klimata-dlya-rossii","http://kurginyan.viperson.ru/articles/4-posledstviya-izmeneniya-klimata-dlya-rossii"
2021,"конгрессы КлиматБазы данных (изменения от 14","tvernedra.ru›product22.html","http://www.tvernedra.ru/product22.html"
2021,"Федеральная служба по гидрометеорологии и мониторингу","climatechange.ru›files/izmenenie_klimata_n34_may…","http://www.climatechange.ru/files/izmenenie_klimata_n34_may_2012.pdf"
2021,"Климат на выставке Мир Климата","climatexpo.ru","http://yabs.yandex.ru/count/IbI_A3Yuk5840000gQB0022El6vqRGLIbGAR0Mv3jm8j0OYtoFFH1ecgxje3dgfCwW6TdNO7feO8YhVuXuG3lReB_ge3gYwbg61h1hokTsa6ZG6Herh389VmVIcQ9Z-iAWEFiFUSYmwVlSnag0wJXGsP1KACa8OBjf1r0xMGxWAWbMachv262xEGn0cqaEu2sPLf9jgGn0cKcJLjfv1T0QY-5EAr0wC1hk9omZmco6pNiG6oe1400hcTTWV1Z1B2_-2lEEfmZHuFnOyFql__________3zF__________mzy6W00?q=%D0%BA%D0%BB%D0%B8%D0%BC%D0%B0%D1%82+%D0%B8%D0%B7%D0%BC%D0%B5%D0%BD%D0%B5%D0%BD%D0%B8%D0%B5+%D0%B2+%D1%80%D0%BE%D1%81%D1%81%D0%B8%D0%B8+2021"
2021,"Что происходит с климатом?","zoomby.ru","http://yabs.yandex.ru/count/IbI_A360Zca40000gQB0022El6vqRGLIbGAR0Mv3jm8j0JA8iBxC4GA9jlOJIW6O59wgJEe1dQgx_0Ic88gjA99nlQoXA9wgBgMYRni2lA2YnGAD0P6ZMiCWb_1zAPecFwmg0u-XQ60hdxJSCq42auKDcGL2Z9ZX0hQ4tRM8kw2LrmElcE42iu3wj8YxsPNN0zg0-fIHsw6ddbi9gBvb1u44em6kudB2F2R8RDUn0RAW4G02kQgx_0J1Z1B2_-2lEEfmZHuFql__________3zF__________mz-6G00?q=%D0%BA%D0%BB%D0%B8%D0%BC%D0%B0%D1%82+%D0%B8%D0%B7%D0%BC%D0%B5%D0%BD%D0%B5%D0%BD%D0%B8%D0%B5+%D0%B2+%D1%80%D0%BE%D1%81%D1%81%D0%B8%D0%B8+2021"
2021,"Кто больше всех пострадал от изменения климата?","cont.ws›post/205905","http://cont.ws/post/205905"
2021,"до 2021 года на борьбу с климатическими изменениями","tass.ru›Международная панорама›1464367","http://tass.ru/mezhdunarodnaya-panorama/1464367"
2021,"Исследования климата","global-climate-change.ru›index…climateresearches","http://global-climate-change.ru/index.php/en/climateresearches"
2021,"Федеральная служба по гидрометеорологии и мониторингу","climatechange.ru›files/izmenenie_klimata_n34_may…","http://www.climatechange.ru/files/izmenenie_klimata_n34_may_2012.pdf"
2021,"Федеральная служба по гидрометеорологии и мониторингу","meteorf.ru›upload…izmenenie-klimata…sep-2014.pdf","http://www.meteorf.ru/upload/iblock/9be/izmenenie-klimata-n49-augsep-2014.pdf"
2021,"песка ""Киржачский"" ---> Лицензия до 2021года","tvernedra.ru›product43.html","http://www.tvernedra.ru/product43.html"
2021,"4 Последствия изменения климата для России","kurginyan.viperson.ru›articles…izmeneniya-klimata…","http://kurginyan.viperson.ru/articles/4-posledstviya-izmeneniya-klimata-dlya-rossii"
2021,"Изменение климата: что ждет Россию","ria.ru›warming_prognosis/20130924/964750728.html","http://ria.ru/warming_prognosis/20130924/964750728.html"
2021,"климата или климат для изменений? ""","globalaffairs.ru›number/n_14569","http://globalaffairs.ru/number/n_14569"
2021,"Экологическая правда - Климат изменяется Бездействуем?","eco-pravda.ru›page.php?id=7492","http://www.eco-pravda.ru/page.php?id=7492"
2021,"Климат на выставке Мир Климата","climatexpo.ru","http://yabs.yandex.ru/count/AtLVq0Z1Yqq40000gQB0022ElyY4RGLIbGAR0Mv3jm8j0OYtoFFH1ecgxje3dgfCwW6TdNO7feO8YhVuXuG3lReB_ge3gYwbg61h1hokTsa6ZG6Hl9ZdhmUNy7qfcYO_h2e3ZxAeFCaBdx_aGOi5auKDcGL2Z9EG2hQKAmErcAy2e9Lf9g-Ja0gpaCG9j9Yl0jcLQIRQaCG9b9BJRQULY06ejojAJ0EZ0QxWmi0ywjjIsx41ig0H00AvdNO7mOmImliFJTzYB5EA1CMF3zB__________m_J__________yFVHe0?q=%D1%80%D0%BE%D1%81%D1%81%D0%B8%D1%8F+%D0%BA%D0%BB%D0%B8%D0%BC%D0%B0%D1%82+%D0%B8%D0%B7%D0%BC%D0%B5%D0%BD%D0%B5%D0%BD%D0%B8%D0%B5+2021"
2021,"Что происходит с климатом?","zoomby.ru","http://yabs.yandex.ru/count/AtLVqEzjOeq40000gQB0022ElyY4RGLIbGAR0Mv3jm8j0JA8iBxC4GA9jlOJIW6O59wgJEe1dQgx_0Ic88gjA99nlQoXA9wgBgMYRni2lA2YnGAD0P6ycEUl1vVmVIcQ9Z-iAWEFlwOjyG6Vl3OWfmMJXGsP1KACbTS3jf0d0RM0-g2LrmElbTS3iu3wj83wsPNN0zg0-fIK3g6ddiS8gBai-Qq1em6kuCB0FEhRKjkn0RAW4G02kQgx_0J1Z1B2-mzDts8iKue4ql__________3zF__________mzv6W00?q=%D1%80%D0%BE%D1%81%D1%81%D0%B8%D1%8F+%D0%BA%D0%BB%D0%B8%D0%BC%D0%B0%D1%82+%D0%B8%D0%B7%D0%BC%D0%B5%D0%BD%D0%B5%D0%BD%D0%B8%D0%B5+2021"
2021,"Парниковый эффект","avaevkniga.ru","http://yabs.yandex.ru/count/AtLVq5oizei40000gQB0022ElyY4RGLIbGAR0Mv3jm8j0JE8kX8GWmQ9bYp6c5YUgapg0PsXssWLfd6Alv2bsmIzknPPjmIgBgMZQxi7lAjkcWUD0P6ycEUl1vVmVIcQ9Z-iAWEFlwOjyG6Vl3OWfmMJXGsP1KACcpGJjf331RMGuWIWcpGJhviq4xEGuWIqaE84sPiq4zgGuWIKcErCfu2egAYKz2YZ0QxWmi0ywjjIsx41ig0H00AveTje5S6C4iBx3qtVOYnJYWJ5Zm_C1DB__________m_J__________yFU1i0?q=%D1%80%D0%BE%D1%81%D1%81%D0%B8%D1%8F+%D0%BA%D0%BB%D0%B8%D0%BC%D0%B0%D1%82+%D0%B8%D0%B7%D0%BC%D0%B5%D0%BD%D0%B5%D0%BD%D0%B8%D0%B5+2021"
2022,"Прогноз изменений климата и геополитиеских последствий","ecoteco.ru›library/magazine…klimata-i…posledstviy…","http://www.ecoteco.ru/library/magazine/zhurnal-111/ekologiya/prognoz-izmeneniy-klimata-i-geopolitieskih-posledstviy-ego-izmeneniya-do-2020-goda/"
2022,"соглашение по климату изменит мир","greenpeace.org›russia/ru/news/2015/12-12-COP/","http://www.greenpeace.org/russia/ru/news/2015/12-12-COP/"
2022,"Изменение климата: что ждет Россию","ria.ru›warming_prognosis/20130924/964750728.html","http://ria.ru/warming_prognosis/20130924/964750728.html"
2022,"Ответы@MailRu: А вы уже внесли изменения в Расписание Концов Света???))Всем доброго дня","otvet.mail.ru›question/64866307","https://otvet.mail.ru/question/64866307"
2022,"Парижское соглашение по климату изменит мир","prekrasnaya-zelenaya.org›article_info.php…","http://prekrasnaya-zelenaya.org/article_info.php?articles_id=2935"
2022,"Русский Апокалипсис в России в 2018 - 2022 годах","chitalnya.ru›work/1568486/","http://www.chitalnya.ru/work/1568486/"
2022,"Последствия изменений климата в России и адаптация","institutiones.com›…posledstviya…klimata-v-rossii…","http://institutiones.com/general/2050-posledstviya-izmenenij-klimata-v-rossii-i-adaptaciya.html"
2022,"В России выборы изменили деловой климат - 9 Грудня","holosua.com›news/v_rossii_vybory…2011-12-09-22684","http://holosua.com/news/v_rossii_vybory_izmenili_delovoj_klimat/2011-12-09-22684"
2022,"МЕТЕОВЕСТИ от ФОБОС - Видео - 2022: климат","meteovesti.ru›video.n2…","http://www.meteovesti.ru/video.n2?item=63569620871&page=21"
2022,"Чем грозит России изменение климата?","rosnauka.ru›Публикации›844","http://rosnauka.ru/publication/844"
2022,"Климат на выставке Мир Климата","climatexpo.ru","http://yabs.yandex.ru/count/A9qlOFq4jdi40000gQB0022EjbrqRGLIbGAR0Mv3jm8j0OYtoFFH1ecgxje3dgfCwW6TdNO7feO8YhVuXuG3lReB_ge3gYwbg61h1hokTsa6ZG6HlvOVvGcNy5V7mI4_h2e3Zx4879i2dxsbgpe8auKDcGL2Z9262xQGTGEraEu2e9Lf9g-GXWkpaCG9j93k0jcLQIRQaCG9b99qRAUQKm6ek9jXjWEZ0Qxl7e3puADerx41ig0H00AvdNO7mOmImlyOZur9iSRW0yMF3zB__________m_J__________yFVHe0?q=%D0%B8%D0%B7%D0%BC%D0%B5%D0%BD%D0%B5%D0%BD%D0%B8%D0%B5+%D0%BA%D0%BB%D0%B8%D0%BC%D0%B0%D1%82%D0%B0+%D0%B2+%D1%80%D0%BE%D1%81%D1%81%D0%B8%D0%B8+2022"
2022,"Что происходит с климатом?","zoomby.ru","http://yabs.yandex.ru/count/A9qlOB2F3J440000gQB0022EjbrqRGLIbGAR0Mv3jm8j0JA8iBxC4GA9jlOJIW6O59wgJEe1dQgx_0Ic88gjA99nlQoXA9wgBgMYRni2lA2YnGAD0P6_bX_b2PVmLyV18J-iAWEFlA4uimwVlWdZv0UJXGsP1KACcE42jeJTjOYxe9NN0w-OuGApWFgqYBlPbTS3se3wb9dTeAUUrWYel1yVXGIZ0Qxl7e3puADerx41ig2H00Avghly1C6C4iB_68-DIR76u0FI__________yFq___________3tWQ?q=%D0%B8%D0%B7%D0%BC%D0%B5%D0%BD%D0%B5%D0%BD%D0%B8%D0%B5+%D0%BA%D0%BB%D0%B8%D0%BC%D0%B0%D1%82%D0%B0+%D0%B2+%D1%80%D0%BE%D1%81%D1%81%D0%B8%D0%B8+2022"
2022,"В Б Русский Апокалипсис в России в 2018 - 2022 годах","samlib.ru›w/wilxkockij_w_b/…-2022godah.shtml","http://samlib.ru/w/wilxkockij_w_b/russkijapokalipsiswrossiiw2018-2022godah.shtml"
2022,"Изменение климата: что ждет Россию","ria.ru›warming_prognosis/20130924/964750728.html","http://ria.ru/warming_prognosis/20130924/964750728.html"
2022,"соглашение по климату изменит мир","greenpeace.org›russia/ru/news/2015/12-12-COP/","http://www.greenpeace.org/russia/ru/news/2015/12-12-COP/"
2022,"Климатическое соглашение ООН принято в Париже 195","rusnext.ru›Новости›1449957187","http://rusnext.ru/news/1449957187"
2022,"Парижское соглашение по климату изменит мир","prekrasnaya-zelenaya.org›article_info.php…","http://prekrasnaya-zelenaya.org/article_info.php?articles_id=2935"
2022,"Почему так резко изменился климат в России?","otvet.mail.ru›question/95051900","https://otvet.mail.ru/question/95051900"
2022,"Русский Апокалипсис в России в 2018 - 2022 годах","chitalnya.ru›work/1568486/","http://www.chitalnya.ru/work/1568486/"
2022,"В России выборы изменили деловой климат - 9 Грудня","holosua.com›news/v_rossii…klimat/2011-12-09-22684","http://holosua.com/news/v_rossii_vybory_izmenili_delovoj_klimat/2011-12-09-22684"
2022,"Прогноз изменения климата России","protown.ru›information/articles/articles_2518.html","http://www.protown.ru/information/articles/articles_2518.html"
2022,"МЕТЕОВЕСТИ от ФОБОС - Видео - 2022: климат","meteovesti.ru›video.n2…","http://www.meteovesti.ru/video.n2?item=63569620871&page=21"
2022,"Климат на выставке Мир Климата","climatexpo.ru","http://yabs.yandex.ru/count/F_raCN3usYO40000gQB0022EkN1qRGLIbGAR0Mv3jm8j0OYtoFFH1ecgxje3dgfCwW6TdNO7feO8YhVuXuG3lReB_ge3gYwbg61h1hokTsa6ZG6HiJxLSmsNy3Z14oO_h2e3Zx4879i2dxsbgpe8auKDcGL2Z9rx3BQSlWErc2m3e9Lf9g-TUmopaCG9j9Wi0zcLQIRQaCG9b99qRAUMAG6ekbM7jGEZ0QJ00000jG6kuCS0OAeuRTUn0RAW4G02kPrs1y6C4iBrMzQJ3K8vGmB5Zm_I__________yFq___________3tmR?q=%D0%BA%D0%BB%D0%B8%D0%BC%D0%B0%D1%82+%D0%B8%D0%B7%D0%BC%D0%B5%D0%BD%D0%B5%D0%BD%D0%B8%D0%B5+%D0%B2+%D1%80%D0%BE%D1%81%D1%81%D0%B8%D0%B8+2022"
2022,"Что происходит с климатом?","zoomby.ru","http://yabs.yandex.ru/count/F_raCH3groi40000gQB0022EkN1qRGLIbGAR0Mv3jm8j0JA8iBxC4GA9jlOJIW6O59wgJEe1dQgx_0Ic88gjA99nlQoXA9wgBgMYRni2lA2YnGAD0P6nFjLp3PVmEC4J9Z-iAWEFlA4uimwVlWdZv0UJXGsP1KACcE42jeJTjOYxe9NN0w-OuGApWFgqYBlPbTS3se3wb9tJeAUKeWQej5HIW0IZ0QJ00000jG6kuCS0OAeuRTUn0RAW4G02kQgx_0J1Z1B2zLlMamr2EKC2ql__________3zF__________mz_6W00?q=%D0%BA%D0%BB%D0%B8%D0%BC%D0%B0%D1%82+%D0%B8%D0%B7%D0%BC%D0%B5%D0%BD%D0%B5%D0%BD%D0%B8%D0%B5+%D0%B2+%D1%80%D0%BE%D1%81%D1%81%D0%B8%D0%B8+2022"
2022,"Деньги, человек и природа В Париже принято новое","rian.com.ua›Аналитика и комментарии›20151213/1001953334.html","http://rian.com.ua/analytics/20151213/1001953334.html"
2022,"В Б Русский Апокалипсис в России в 2018 - 2022 годах","samlib.ru›w/wilxkockij_w_b/…-2022godah.shtml","http://samlib.ru/w/wilxkockij_w_b/russkijapokalipsiswrossiiw2018-2022godah.shtml"
2022,"МЕТЕОВЕСТИ от ФОБОС - Видео - 2022: климат","meteovesti.ru›video.n2…","http://www.meteovesti.ru/video.n2?item=63569620871&page=21"
2022,"Политику в сторону, на повестке дня климат","kpfu.ru›СМИ›…na-povestke-dnya-klimat…","http://kpfu.ru/news/politiku-v-storonu-na-povestke-dnya-klimat-182129.html"
2022,"соглашение по климату изменит мир","greenpeace.org›russia/ru/news/2015/12-12-COP/","http://www.greenpeace.org/russia/ru/news/2015/12-12-COP/"
2022,"антропо - генных воздействий и изменений климата","dspace.bsu.edu.ru›bitstream/123456789/4536/1/…","http://dspace.bsu.edu.ru/bitstream/123456789/4536/1/Kuzmenko_Otsenka.pdf"
2022,"Изменение климата: что ждет Россию","ria.ru›warming_prognosis/20130924/964750728.html","http://ria.ru/warming_prognosis/20130924/964750728.html"
2022,"В России выборы изменили деловой климат - 9 Грудня","holosua.com›news…rossii_vybory…klimat/2011-12-09…","http://holosua.com/news/v_rossii_vybory_izmenili_delovoj_klimat/2011-12-09-22684"
2022,"при проведении зимних олимпийских игр 2022","CyberLeninka.ru›Научные статьи›…-olimpiyskih-igr-2022-v","http://CyberLeninka.ru/article/n/kontseptsiya-ekologicheskoy-strategii-olimpiyskiy-sport-dlya-sohraneniya-prirody-pri-provedenii-zimnih-olimpiyskih-igr-2022-v"
2022,"Климат России","geographyofrussia.com›Климат России","http://geographyofrussia.com/klimat-rossii/"
2022,"Климат на выставке Мир Климата","climatexpo.ru","http://yabs.yandex.ru/count/9eTLYI35i8i40000gQB0022EiCc4RGLIbGAR0Mv3jm8j0OYtoFFH1ecgxje3dgfCwW6TdNO7feO8YhVuXuG3lReB_ge3gYwbg61h1hokTsa6ZG6Hllpn_0gNy7qfcYO_h2e3Zxqp-xS8dxGIEcq9auKDcGL2Z9EG2hQKAmErcAy2e9Lf9g-Ja0gpaCG9j9Yl0jcLQIRQaCG9b9WHRQUQVG6ejojAJ0EZ0Qxdwq1PaTvIsx41ig0H00AvdNO7mOmImlfb7tU4Dm9E3yMF3zB__________m_J__________yFVHe0?q=%D1%80%D0%BE%D1%81%D1%81%D0%B8%D1%8F+%D0%BA%D0%BB%D0%B8%D0%BC%D0%B0%D1%82+%D0%B8%D0%B7%D0%BC%D0%B5%D0%BD%D0%B5%D0%BD%D0%B8%D0%B5+2022"
2022,"Что происходит с климатом?","zoomby.ru","http://yabs.yandex.ru/count/9eTLYLEeHLW40000gQB0022EiCc4RGLIbGAR0Mv3jm8j0JA8iBxC4GA9jlOJIW6O59wgJEe1dQgx_0Ic88gjA99nlQoXA9wgBgMYRni2lA2YnGAD0P6-_F7y2fVmVIcQ9Z-iAWEFkr98tm6VjNRz60oJXGsP1KACcE42jeJTjOYxe9NN0w-OuGApWFgqYBlPbTS3se3wb9m5eAUQJmYeilhihG6Z0Qxdwq1PaTvIsx41ig0H00Avghly1C6C4iBwPHztX3S2JW_I__________yFq___________3tWQ?q=%D1%80%D0%BE%D1%81%D1%81%D0%B8%D1%8F+%D0%BA%D0%BB%D0%B8%D0%BC%D0%B0%D1%82+%D0%B8%D0%B7%D0%BC%D0%B5%D0%BD%D0%B5%D0%BD%D0%B8%D0%B5+2022"
2023,"Изменение климата: что ждет Россию","ria.ru›warming_prognosis/20130924/964750728.html","http://ria.ru/warming_prognosis/20130924/964750728.html"
2023,"Современные тенденции изменения климата России","permafrost.su›Rus-Uk","http://permafrost.su/Rus-Uk"
2023,"Зимы в Москве не станет к 2063 году - Русская планета","rusplt.ru›Общество›…-v-moskve-ne-stanet-k…","http://rusplt.ru/society/zimyi-v-moskve-ne-stanet-k-2063-godu.html"
2023,"Последствия изменения климата в России","greenpeace.org›russia/ru/campaigns/climate…","http://www.greenpeace.org/russia/ru/campaigns/climate/consequences/"
2023,"173) Изменение климата на территории России","tvernedra.ru›content/articles.html","http://www.tvernedra.ru/content/articles.html"
2023,"Чем грозит России изменение климата?","rosnauka.ru›Публикации›844","http://rosnauka.ru/publication/844"
2023,"Последствия изменений климата в России и адаптация","institutiones.com›…posledstviya…klimata-v-rossii…","http://institutiones.com/general/2050-posledstviya-izmenenij-klimata-v-rossii-i-adaptaciya.html"
2023,"Изменение Климата России - ГЛАВНАЯ СТРАНИЦА","climatechange.igce.ru","http://climatechange.igce.ru/"
2023,"Об изменении климата – простые ответы на ваши вопросы","rusecounion.ru›vopros1","http://www.rusecounion.ru/vopros1"
2023,"Прогноз изменения климата России","protown.ru›information/articles/articles_2518.html","http://www.protown.ru/information/articles/articles_2518.html"
2023,"Климат на выставке Мир Климата","climatexpo.ru","http://yabs.yandex.ru/count/S0bHqR1NSwS40000gQB0022EirzqRGLIbGAR0Mv3jm8j0OYtoFFH1ecgxje3dgfCwW6TdNO7feO8YhVuXuG3lReB_ge3gYwbg61h1hokTsa6ZG6HkQvPoGgNy3Z14oO_h2e3Zx6-Cae9dxIbyeS6auKDcGL2Z9q-4hQKUGMrcAC4e9Lf9g-TFXApaCG9j9YZ1DcLQIRQaCG9b99qRAUGLG6eiI47jWEZ0Qxf4K1EEHLfrx41ig0H00AvdNO7mOmImlXtZ_lq9f753yMF3zB__________m_J__________yFVHe0?q=%D0%B8%D0%B7%D0%BC%D0%B5%D0%BD%D0%B5%D0%BD%D0%B8%D0%B5+%D0%BA%D0%BB%D0%B8%D0%BC%D0%B0%D1%82%D0%B0+%D0%B2+%D1%80%D0%BE%D1%81%D1%81%D0%B8%D0%B8+2023"
2023,"Купите so-2023 Zekkert – Амортизатор Подвески Масл","autogiper.ru","http://yabs.yandex.ru/count/S0bHqT1pmPq40000gQB0022EirzqRGLIbGAR0Mv3jm8j0JA8jJALG0E9lNAEG0EOYHoUgapg0PseK_uHfZEAkY58i0EzlhnQqWEgBgMW8Pa6lApNqmID0P6vhbd92fVmEC4J9Z-iAWEFkBTixGEVlEmAmG-JXGsP1KACaCySjfYa2BMGKmUWasi-hv3F7BEOtW-qa5C7sPDhFjgOtW-KavDSfuHmgAK0ImYZ0Qxf4K1EEHLfrx41ig0H00Avg5F-4S6C4iBuTu_xz2QHnG_5Zm_I__________yFq___________3taR?q=%D0%B8%D0%B7%D0%BC%D0%B5%D0%BD%D0%B5%D0%BD%D0%B8%D0%B5+%D0%BA%D0%BB%D0%B8%D0%BC%D0%B0%D1%82%D0%B0+%D0%B2+%D1%80%D0%BE%D1%81%D1%81%D0%B8%D0%B8+2023"
2023,"Что происходит с климатом?","zoomby.ru","http://yabs.yandex.ru/count/S0bHqI6Rnje40000gQB0022EirzqRGLIbGAR0Mv3jm8j0JE8iBxC4GA9jlOJIW6O59wgJEe1dQgx_0Ic88gjA99nlQoXA9wgBgMYRni2lA2YnGAD0P6vhbd92fVmEC4J9Z-iAWEFkPVo1WwVlSl1KGQJXGsP1KACcE42jeJTjOYxe9NN0w-OuGApWFgqYBlPbTS3se3wb9pgeAUR_WYelF8PXGIZ0Qxf4K1EEHLfrx41ig0H00Avghly1C6C4iBuTu_xz2QHnG_I__________yFq___________3tWQ?q=%D0%B8%D0%B7%D0%BC%D0%B5%D0%BD%D0%B5%D0%BD%D0%B8%D0%B5+%D0%BA%D0%BB%D0%B8%D0%BC%D0%B0%D1%82%D0%B0+%D0%B2+%D1%80%D0%BE%D1%81%D1%81%D0%B8%D0%B8+2023"
2023,"Изменение климата: что ждет Россию","ria.ru›warming_prognosis/20130924/964750728.html","http://ria.ru/warming_prognosis/20130924/964750728.html"
2023,"Последствия изменения климата в России","greenpeace.org›russia/ru/campaigns/climate…","http://www.greenpeace.org/russia/ru/campaigns/climate/consequences/"
2023,"Современные тенденции изменения климата России","permafrost.su›Rus-Uk","http://permafrost.su/Rus-Uk"
2023,"Зимы в Москве не станет к 2063 году - Русская планета","rusplt.ru›Общество›…-v-moskve-ne-stanet-k…","http://rusplt.ru/society/zimyi-v-moskve-ne-stanet-k-2063-godu.html"
2023,"Почему так резко изменился климат в России?","otvet.mail.ru›question/95051900","https://otvet.mail.ru/question/95051900"
2023,"На Земле могут исчезнуть климатические зоны","Jankoy.org.ua›page.php?id=1953","http://Jankoy.org.ua/page.php?id=1953"
2023,"Чем грозит России изменение климата?","rosnauka.ru›Публикации›844","http://rosnauka.ru/publication/844"
2023,"В России выборы изменили деловой климат - 9 Грудня","holosua.com›news/v_rossii…klimat/2011-12-09-22684","http://holosua.com/news/v_rossii_vybory_izmenili_delovoj_klimat/2011-12-09-22684"
2023,"Прогноз изменения климата России","protown.ru›information/articles/articles_2518.html","http://www.protown.ru/information/articles/articles_2518.html"
2023,"Greenpeace: парижское соглашение по климату изменит мир","news.rambler.ru›ГлавноеВ›32201153","http://news.rambler.ru/world/32201153/"
2023,"Климат на выставке Мир Климата","climatexpo.ru","http://yabs.yandex.ru/count/OS5dDQcMyHa40000gQB0022Ej79qRGLIbGAR0Mv3jm8j0OYtoFFH1ecgxje3dgfCwW6TdNO7feO8YhVuXuG3lReB_ge3gYwbg61h1hokTsa6ZG6HjmQJNmwNy3Z14oO_h2e3Zx6-Cae9dxIbyeS6auKDcGL2Z9q-4hQKUGMrcAC4e9Lf9g-TFXApaCG9j9YZ1DcLQIRQaCG9b99qRAUUKW6ekbM7jGEZ0Qxcmy0E8vvjrx41ig0H00AvdNO7mOmImlM41o_nW1HY0iMF3zB__________m_J__________yFVHe0?q=%D0%BA%D0%BB%D0%B8%D0%BC%D0%B0%D1%82+%D0%B8%D0%B7%D0%BC%D0%B5%D0%BD%D0%B5%D0%BD%D0%B8%D0%B5+%D0%B2+%D1%80%D0%BE%D1%81%D1%81%D0%B8%D0%B8+2023"
2023,"Купите so-2023 Zekkert – Амортизатор Подвески Масл","autogiper.ru","http://yabs.yandex.ru/count/OS5dDG2KCx040000gQB0022Ej79qRGLIbGAR0Mv3jm8j0JA8jJALG0E9lNAEG0EOYHoUgapg0PseK_uHfZEAkY58i0EzlhnQqWEgBgMW8Pa6lApNqmID0P6t1fDV3fVmEC4J9Z-iAWEFkfU4hW-Vji5Q0mUJXGsP1KACaCySjfYa2BMGKmUWasi-hv3F7BEOtW-qa5C7sPDhFjgOtW-KarjSfubmgAKnBWYZ0Qxcmy0E8vvjrx41ig0H00Avg5F-4S6C4iBrX0SlyO0KOWB5Zm_I__________yFq___________3taR?q=%D0%BA%D0%BB%D0%B8%D0%BC%D0%B0%D1%82+%D0%B8%D0%B7%D0%BC%D0%B5%D0%BD%D0%B5%D0%BD%D0%B8%D0%B5+%D0%B2+%D1%80%D0%BE%D1%81%D1%81%D0%B8%D0%B8+2023"
2023,"Что происходит с климатом?","zoomby.ru","http://yabs.yandex.ru/count/OS5dDJ3oS0840000gQB0022Ej79qRGLIbGAR0Mv3jm8j0JE8iBxC4GA9jlOJIW6O59wgJEe1dQgx_0Ic88gjA99nlQoXA9wgBgMYRni2lA2YnGAD0P6t1fDV3fVmEC4J9Z-iAWEFkPVo1WwVlSl1KGQJXGsP1KACcE42jeJTjOYxe9NN0w-OuGApWFgqYBlPbTS3se3wb93XeAUNvmYej9JhVmIZ0Qxcmy0E8vvjrx41ig0H00Avghly1C6C4iBrX0SlyO0KOWBI__________yFq___________3tWQ?q=%D0%BA%D0%BB%D0%B8%D0%BC%D0%B0%D1%82+%D0%B8%D0%B7%D0%BC%D0%B5%D0%BD%D0%B5%D0%BD%D0%B8%D0%B5+%D0%B2+%D1%80%D0%BE%D1%81%D1%81%D0%B8%D0%B8+2023"
2023,"Соглашение по климату","tbn-tv.ru›news/novoe-klimaticheskoe-soglashenie…","http://tbn-tv.ru/news/novoe-klimaticheskoe-soglashenie-oon/"
2023,"внешнего облигационного займа с погашением в 2023 году","rusbonds.ru›ank_obl.asp?tool=96319","http://www.rusbonds.ru/ank_obl.asp?tool=96319"
2023,"Современные тенденции изменения климата России","permafrost.su›Rus-Uk","http://permafrost.su/Rus-Uk"
2023,"Причины, прогнозы, возможные","imemo.ru›files/File/ru/publ/2012/12049.pdf","http://www.imemo.ru/files/File/ru/publ/2012/12049.pdf"
2023,"Климат России — Википедия","ru.wikipedia.org›Климат России","https://ru.wikipedia.org/wiki/%D0%9A%D0%BB%D0%B8%D0%BC%D0%B0%D1%82_%D0%A0%D0%BE%D1%81%D1%81%D0%B8%D0%B8"
2023,"Зимы в Москве не станет к 2063 году - Русская планета","rusplt.ru›Общество›…-v-moskve-ne-stanet-k…","http://rusplt.ru/society/zimyi-v-moskve-ne-stanet-k-2063-godu.html"
2023,"Сценарные изменения климата в санкт - петербурге","infoeco.ru›dl/prez/8_climate_scenarios.pdf","http://www.infoeco.ru/dl/prez/8_climate_scenarios.pdf"
2023,"Чем грозит России изменение климата?","newstube.ru","//yandex.ru/video/search?text=%D0%A0%D0%BE%D1%81%D1%81%D0%B8%D1%8F%20%D0%BA%D0%BB%D0%B8%D0%BC%D0%B0%D1%82*%20%D0%B8%D0%B7%D0%BC%D0%B5%D0%BD%D0%B5%D0%BD%D0%B8%D0%B5%202023&path=wizard&parent-reqid=1457015953161381-5479296902405618582168088-6-061&filmId=Aim9l0FrHmE"
2023,"ПРАВДА на ОТР  Глобальные изменения","youtube.com","//yandex.ru/video/search?text=%D0%A0%D0%BE%D1%81%D1%81%D0%B8%D1%8F%20%D0%BA%D0%BB%D0%B8%D0%BC%D0%B0%D1%82*%20%D0%B8%D0%B7%D0%BC%D0%B5%D0%BD%D0%B5%D0%BD%D0%B8%D0%B5%202023&path=wizard&parent-reqid=1457015953161381-5479296902405618582168088-6-061&filmId=MKFjh3KtUXI"
2023,"Глобальные изменения Климата  Как быть?","video.mail.ru","//yandex.ru/video/search?text=%D0%A0%D0%BE%D1%81%D1%81%D0%B8%D1%8F%20%D0%BA%D0%BB%D0%B8%D0%BC%D0%B0%D1%82*%20%D0%B8%D0%B7%D0%BC%D0%B5%D0%BD%D0%B5%D0%BD%D0%B8%D0%B5%202023&path=wizard&parent-reqid=1457015953161381-5479296902405618582168088-6-061&filmId=EaSisiz-8gE"
2023,"Изменение мирового климата  Климат России","youtube.com","//yandex.ru/video/search?text=%D0%A0%D0%BE%D1%81%D1%81%D0%B8%D1%8F%20%D0%BA%D0%BB%D0%B8%D0%BC%D0%B0%D1%82*%20%D0%B8%D0%B7%D0%BC%D0%B5%D0%BD%D0%B5%D0%BD%D0%B8%D0%B5%202023&path=wizard&parent-reqid=1457015953161381-5479296902405618582168088-6-061&filmId=NKOfzmxLUXI"
2023,"В России выборы изменили деловой климат - 9 Грудня","holosua.com›news…rossii_vybory…klimat/2011-12-09…","http://holosua.com/news/v_rossii_vybory_izmenili_delovoj_klimat/2011-12-09-22684"
2023,"Изменение климата: что ждет Россию","ria.ru›warming_prognosis/20130924/964750728.html","http://ria.ru/warming_prognosis/20130924/964750728.html"
2023,"Как спасти климат за 2 недели?","rusecounion.ru›klimat_141215","http://www.rusecounion.ru/klimat_141215"
2023,"Климат на выставке Мир Климата","climatexpo.ru","http://yabs.yandex.ru/count/2fYiXOLLVPe40000gQB0022EiSc4RGLIbGAR0Mv3jm8j0OYtoFFH1ecgxje3dgfCwW6TdNO7feO8YhVuXuG3lReB_ge3gYwbg61h1hokTsa6ZG6HkCItq0cNy3Z14oO_h2e3ZxhiwWaAdxLE4ji2auKDcGL2Z9DJ4BQSvGIrc2O4e9Lf9g-JKn2paCG9j9Wc1DcLQIRQaCG9b9WHRQUQVG6ejojAJ0EZ0QxilW1eAU5Isx41ig0H00AvdNO7mOmImlA0vqeUQl481yMF3zB__________m_J__________yFVHe0?q=%D1%80%D0%BE%D1%81%D1%81%D0%B8%D1%8F+%D0%BA%D0%BB%D0%B8%D0%BC%D0%B0%D1%82+%D0%B8%D0%B7%D0%BC%D0%B5%D0%BD%D0%B5%D0%BD%D0%B8%D0%B5+2023"
2023,"Купите so-2023 Zekkert – Амортизатор Подвески Масл","autogiper.ru","http://yabs.yandex.ru/count/2fYiXJAM8bi40000gQB0022EiSc4RGLIbGAR0Mv3jm8j0JA8jJALG0E9lNAEG0EOYHoUgapg0PseK_uHfZEAkY58i0EzlhnQqWEgBgMW8Pa6lApNqmID0P6unBVG2PVmEC4J9Z-iAWEFkUGtt0AVhGdH6PE53Pa5GeoRkXwsa3W9jP3G1w2JQpwlcxeUivZU3xIGq0VPasi-sfZU3vIVaLkdY6YegF4Z4wC1hko-06WfuLBRiG6oe1400hceK_uHmOmImlA0vqeUQl481yMF3zB__________m_J__________yFU1i0?q=%D1%80%D0%BE%D1%81%D1%81%D0%B8%D1%8F+%D0%BA%D0%BB%D0%B8%D0%BC%D0%B0%D1%82+%D0%B8%D0%B7%D0%BC%D0%B5%D0%BD%D0%B5%D0%BD%D0%B8%D0%B5+2023"
2023,"Что происходит с климатом?","zoomby.ru","http://yabs.yandex.ru/count/2fYiXHb1bVi40000gQB0022EiSc4RGLIbGAR0Mv3jm8j0JE8iBxC4GA9jlOJIW6O59wgJEe1dQgx_0Ic88gjA99nlQoXA9wgBgMYRni2lA2YnGAD0P6unBVG2PVmEC4J9Z-iAWEFiO8BxWQViWSOw0QJXGsP1KACcE42jeJTjOYxe9NN0w-OuGApWFgqYBlPbTS3se3wb90JeAUVK0YekpRuhG6Z0QxilW1eAU5Isx41ig0H00Avghly1C6C4iBoWETA7chn20VI__________yFq___________3tWQ?q=%D1%80%D0%BE%D1%81%D1%81%D0%B8%D1%8F+%D0%BA%D0%BB%D0%B8%D0%BC%D0%B0%D1%82+%D0%B8%D0%B7%D0%BC%D0%B5%D0%BD%D0%B5%D0%BD%D0%B8%D0%B5+2023"
2024,"Инфографика по климату","meteorf.ru›activity/international/rkik…","http://www.meteorf.ru/activity/international/rkik/infografika.php"
2024,"Глава Росгидромета об изменении климата и глобальном","paranormal-news.ru›news/glava…klimata…2015-12-24…","http://paranormal-news.ru/news/glava_rosgidrometa_o_probleme_izmenenija_klimata_i_globalnom_poteplenii/2015-12-24-11685"
2024,"Изменение климата: что ждет Россию","ria.ru›warming_prognosis/20130924/964750728.html","http://ria.ru/warming_prognosis/20130924/964750728.html"
2024,"Летние Олимпийские игры в Норильске в 2024 году, стоит","forum.na-svyazi.ru›?showtopic=1229565","http://forum.na-svyazi.ru/?showtopic=1229565"
2024,"В 2024 году Россия повторит миссию ""Фобос-Грунт""","planeta.moy.su›news/v_2024…povtorit…k…2014-08-02…","http://planeta.moy.su/news/v_2024_godu_rossija_povtorit_missiju_fobos_grunt_k_sputniku_marsa/2014-08-02-12238"
2024,"согласны закрыть загрязняющие угольные станции к 2024","clicr.ru›post/show/id/349","http://www.clicr.ru/post/show/id/349"
2024,"Предсказания Ванги Страница 11 из 11","vanga.ru›Предсказания Ванги","http://vanga.ru/predskazaniya_vangi11.html"
2024,"В России выборы изменили деловой климат - 9 Грудня","holosua.com›news/v_rossii_vybory…2011-12-09-22684","http://holosua.com/news/v_rossii_vybory_izmenili_delovoj_klimat/2011-12-09-22684"
2024,"Климат","ifi.rssi.ru›fareast/default.files/page0013.htm","http://www.ifi.rssi.ru/fareast/default.files/page0013.htm"
2024,"Россию не беспокоит изменение климата","inosmi.ru›Общество›20151130/234627060.html","http://inosmi.ru/social/20151130/234627060.html"
2024,"Климат на выставке Мир Климата","climatexpo.ru","http://yabs.yandex.ru/count/KAWNhN9DIJa40000gQB0022El61qRGLIbGAR0Mv3jm8j0OYtoFFH1ecgxje3dgfCwW6TdNO7feO8YhVuXuG3lReB_ge3gYwbg61h1hokTsa6ZG6Hl6FkYmENy3Z14oO_h2e3ZxYQhyK3dxlMNV8BauKDcGL2Z9262xQGTGEraEu2e9Lf9g-GXWkpaCG9j93k0jcLQIRQaCG9b99qRAUKKW6eiI47jWEZ0Qxhwi0eINHfrx41ig0H00AvdNO7mOmImllFVfqU8wMq1SMF3zB__________m_J__________yFVHe0?q=%D0%B8%D0%B7%D0%BC%D0%B5%D0%BD%D0%B5%D0%BD%D0%B8%D0%B5+%D0%BA%D0%BB%D0%B8%D0%BC%D0%B0%D1%82%D0%B0+%D0%B2+%D1%80%D0%BE%D1%81%D1%81%D0%B8%D0%B8+2024"
2024,"Что происходит с климатом?","zoomby.ru","http://yabs.yandex.ru/count/KAWNhOyxJ6e40000gQB0022El61qRGLIbGAR0Mv3jm8j0JA8iBxC4GA9jlOJIW6O59wgJEe1dQgx_0Ic88gjA99nlQoXA9wgBgMYRni2lA2YnGAD0P6yO-wB0vVmEC4J9Z-iAWEFlNs-ZmgVlMhuGGQJXGsP1KACcE42jeJTjOYxe9NN0w-OuGApWFgqYBlPbTS3se3wb9paeQUNK0ceisLwX0IZ0Qxhwi0eINHfrx41ig2H00Avghly1C6C4iBxptwT7YEbj0NI__________yFq___________3tWQ?q=%D0%B8%D0%B7%D0%BC%D0%B5%D0%BD%D0%B5%D0%BD%D0%B8%D0%B5+%D0%BA%D0%BB%D0%B8%D0%BC%D0%B0%D1%82%D0%B0+%D0%B2+%D1%80%D0%BE%D1%81%D1%81%D0%B8%D0%B8+2024"
2024,"Изменение климата: что ждет Россию","ria.ru›warming_prognosis/20130924/964750728.html","http://ria.ru/warming_prognosis/20130924/964750728.html"
2024,"Инфографика по климату","meteorf.ru›activity/international/rkik…","http://www.meteorf.ru/activity/international/rkik/infografika.php"
2024,"Глава Росгидромета об изменении климата и глобальном","paranormal-news.ru›news/glava…klimata…2015-12-24…","http://paranormal-news.ru/news/glava_rosgidrometa_o_probleme_izmenenija_klimata_i_globalnom_poteplenii/2015-12-24-11685"
2024,"Летние Олимпийские игры в Норильске в 2024 году, стоит","forum.na-svyazi.ru›?showtopic=1229565","http://forum.na-svyazi.ru/?showtopic=1229565"
2024,"Последствия изменения климата в России","greenpeace.org›russia/ru/campaigns/climate…","http://www.greenpeace.org/russia/ru/campaigns/climate/consequences/"
2024,"согласны закрыть загрязняющие угольные станции к 2024","clicr.ru›post/show/id/349","http://www.clicr.ru/post/show/id/349"
2024,"Россию не беспокоит изменение климата","inosmi.ru›Общество›20151130/234627060.html","http://inosmi.ru/social/20151130/234627060.html"
2024,"Ничего не изменится в россии до 2024года? ужас","otvet.mail.ru›question/179987376","https://otvet.mail.ru/question/179987376"
2024,"В России выборы изменили деловой климат - 9 Грудня","holosua.com›news/v_rossii…klimat/2011-12-09-22684","http://holosua.com/news/v_rossii_vybory_izmenili_delovoj_klimat/2011-12-09-22684"
2024,"Предсказания Ванги Страница 11 из 11","vanga.ru›Предсказания Ванги","http://vanga.ru/predskazaniya_vangi11.html"
2024,"Климат на выставке Мир Климата","climatexpo.ru","http://yabs.yandex.ru/count/AB_OQWmKzqm40000gQB0022EldDqRGLIbGAR0Mv3jm8j0OYtoFFH1ecgxje3dgfCwW6TdNO7feO8YhVuXuG3lReB_ge3gYwbg61h1hokTsa6ZG6Hiiia7GUNy5V7mI4_h2e3ZxYQhyK3dxlMNV8BauKDcGL2Z9262xQGTGEraEu2e9Lf9g-GXWkpaCG9j93k0jcLQIRQaCG9b99qRAUOKm6ej2bRjGEZ0Qxenu0OdW5krx41ig0H00AvdNO7mOmImlH9ExBd_Fsi3iMF3zB__________m_J__________yFVHe0?q=%D0%BA%D0%BB%D0%B8%D0%BC%D0%B0%D1%82+%D0%B8%D0%B7%D0%BC%D0%B5%D0%BD%D0%B5%D0%BD%D0%B8%D0%B5+%D0%B2+%D1%80%D0%BE%D1%81%D1%81%D0%B8%D0%B8+2024"
2024,"Что происходит с климатом?","zoomby.ru","http://yabs.yandex.ru/count/AB_OQeA9zJu40000gQB0022EldDqRGLIbGAR0Mv3jm8j0JA8iBxC4GA9jlOJIW6O59wgJEe1dQgx_0Ic88gjA99nlQoXA9wgBgMYRni2lA2YnGAD0P6oooGT1vVmLyV18J-iAWEFlNs-ZmgVlMhuGGQJXGsP1KACcE42jeJTjOYxe9NN0w-OuGApWFgqYBlPbTS3se3wb97ReQUUMmcekJshVmIZ0Qxenu0OdW5krx41ig0H00Avghly1C6C4iBqIJkov_pzh0xI__________yFq___________3tWQ?q=%D0%BA%D0%BB%D0%B8%D0%BC%D0%B0%D1%82+%D0%B8%D0%B7%D0%BC%D0%B5%D0%BD%D0%B5%D0%BD%D0%B8%D0%B5+%D0%B2+%D1%80%D0%BE%D1%81%D1%81%D0%B8%D0%B8+2024"
2024,"Глава Росгидромета об изменении климата и глобальном","paranormal-news.ru›news/glava…klimata…2015-12-24…","http://paranormal-news.ru/news/glava_rosgidrometa_o_probleme_izmenenija_klimata_i_globalnom_poteplenii/2015-12-24-11685"
2024,"Инфографика по климату","meteorf.ru›activity/international/rkik/…","http://www.meteorf.ru/activity/international/rkik/infografika.php"
2024,"Летние Олимпийские игры в Норильске в 2024 году, стоит","forum.na-svyazi.ru›?showtopic=1229565","http://forum.na-svyazi.ru/?showtopic=1229565"
2024,"Летние Олимпийские игры 2024 — Википедия","ru.wikipedia.org›Летние Олимпийские игры 2024","https://ru.wikipedia.org/wiki/%D0%9B%D0%B5%D1%82%D0%BD%D0%B8%D0%B5_%D0%9E%D0%BB%D0%B8%D0%BC%D0%BF%D0%B8%D0%B9%D1%81%D0%BA%D0%B8%D0%B5_%D0%B8%D0%B3%D1%80%D1%8B_2024"
2024,"Россию не беспокоит изменение климата","inosmi.ru›Общество›20151130/234627060.html","http://inosmi.ru/social/20151130/234627060.html"
2024,"Предсказания Ванги Страница 11 из 11","vanga.ru›Предсказания Ванги","http://vanga.ru/predskazaniya_vangi11.html"
2024,"Климат","ifi.rssi.ru›fareast/default.files/page0013.htm","http://www.ifi.rssi.ru/fareast/default.files/page0013.htm"
2024,"согласны закрыть загрязняющие угольные станции к 2024","clicr.ru›post/show/id/349","http://www.clicr.ru/post/show/id/349"
2024,"В России выборы изменили деловой климат - 9 Грудня","holosua.com›news…rossii_vybory…klimat/2011-12-09…","http://holosua.com/news/v_rossii_vybory_izmenili_delovoj_klimat/2011-12-09-22684"
2024,"Изменение климата: что ждет Россию","ria.ru›warming_prognosis/20130924/964750728.html","http://ria.ru/warming_prognosis/20130924/964750728.html"
2024,"Климат на выставке Мир Климата","climatexpo.ru","http://yabs.yandex.ru/count/9l4P1yiI4ue40000gQB0022Eiic4RGLIbGAR0Mv3jm8j0OYtoFFH1ecgxje3dgfCwW6TdNO7feO8YhVuXuG3lReB_ge3gYwbg61h1hokTsa6ZG6HhGa0afVmVIcQ9Z-iAWEFhE-Wuf-o_3d82PE53Pa5GeoJa0gsb2i3jPYl0g2LQIQlav0Aiv342RIOhmBPbMacsf342PIO4Msdcdq1gBShIam3em6kvCX0a3JaKjkn0RAW4G02kPrs1y6C4iB_VHS3EtcymG_5Zm_I__________yFq___________3tiQ?q=%D1%80%D0%BE%D1%81%D1%81%D0%B8%D1%8F+%D0%BA%D0%BB%D0%B8%D0%BC%D0%B0%D1%82+%D0%B8%D0%B7%D0%BC%D0%B5%D0%BD%D0%B5%D0%BD%D0%B8%D0%B5+2024"
2024,"Что происходит с климатом?","zoomby.ru","http://yabs.yandex.ru/count/9l4P1oj_K1e40000gQB0022Eiic4RGLIbGAR0Mv3jm8j0JA8iBxC4GA9jlOJIW6O59wgJEe1dQgx_0Ic88gjA99nlQoXA9wgBgMYRni2lA2YnGAD0P6j2G2Ib_1zAPecFwmg0u-spjnB39-p7bvl2PE53Pa5GeoLrmEsa2S1jO3we9NN0w-LrmEpWFgqWFhPbTS3se3wb9GEeQUUnmYelHRIhG6Z0Qxao42GDEHIsx41ig0H00Avghly1C6C4iB_VHS3EtcymG_I__________yFq___________3tWQ?q=%D1%80%D0%BE%D1%81%D1%81%D0%B8%D1%8F+%D0%BA%D0%BB%D0%B8%D0%BC%D0%B0%D1%82+%D0%B8%D0%B7%D0%BC%D0%B5%D0%BD%D0%B5%D0%BD%D0%B8%D0%B5+2024"
2024,"Парниковый эффект","avaevkniga.ru","http://yabs.yandex.ru/count/9l4P1qL5qXm40000gQB0022Eiic4RGLIbGAR0Mv3jm8j0JE8kX8GWmQ9bYp6c5YUgapg0PsXssWLfd6Alv2bsmIzknPPjmIgBgMZQxi7lAjkcWUD0P6j2G2Ib_1zAPecFwmg0u-spjnB39-p7bvl2PE53Pa5GeoRD1EsaCC5jP3Y1A2RD1ElcpGJiv3Y1BIGuWJPcpGJsf3Y19IOxKodWAYeg9JqAAC1hkJ8G90qv5BRiG6oe1400hcXssWLmOmImlzz5mCxURp13yMF3ym4ql__________3zF__________mz_6W00?q=%D1%80%D0%BE%D1%81%D1%81%D0%B8%D1%8F+%D0%BA%D0%BB%D0%B8%D0%BC%D0%B0%D1%82+%D0%B8%D0%B7%D0%BC%D0%B5%D0%BD%D0%B5%D0%BD%D0%B8%D0%B5+2024"
2025,"Прогноз по климатическим сх зонам России на 2025-2030","flighttoinfini.com›forum/325-3787","http://www.flighttoinfini.com/forum/325-3787"
2025,"Изменение климата или климатическое оружие","slavzso.narod.ru›s-d/10/P1.html","http://slavzso.narod.ru/s-d/10/P1.html"
2025,"Последствия изменения климата: прогноз для регионов","ineca.ru›?dr=bulletin/arhiv/0131&pg=004","http://ineca.ru/?dr=bulletin/arhiv/0131&pg=004"
2025,"Изменение климата или климатическое оружие?","mediakrug.ru›tajna/magazines/articles/12416","http://www.mediakrug.ru/tajna/magazines/articles/12416"
2025,"наблюдаемых и ожидаемых изменений климата","revolution.allbest.ru›Экология›00383751_0.html","http://revolution.allbest.ru/ecology/00383751_0.html"
2025,"Глобальное изменение климата и будущее россии","knt.org.ru›Vinogradov Izmenenie klimata 1.htm","http://www.knt.org.ru/Vinogradov%20Izmenenie%20klimata%201.htm"
2025,"учёные составили карту населения планеты на 2025 год","membrana.ru›particle/10269","http://www.membrana.ru/particle/10269"
2025,"В России выборы изменили деловой климат - 9 Грудня","holosua.com›news/v_rossii_vybory…2011-12-09-22684","http://holosua.com/news/v_rossii_vybory_izmenili_delovoj_klimat/2011-12-09-22684"
2025,"Мир после кризиса Глобальные тенденции - 2025","e-reading.by›chapter.php/145433/37/Mir_posle…2025…","http://www.e-reading.by/chapter.php/145433/37/Mir_posle_krizisa._Global'nye_tendencii_-_2025__menyayushchiiisya_mir._Doklad_NRS_SShA.html"
2025,"Изменение климата: что ждет Россию","ria.ru›warming_prognosis/20130924/964750728.html","http://ria.ru/warming_prognosis/20130924/964750728.html"
2025,"Климат на выставке Мир Климата","climatexpo.ru","http://yabs.yandex.ru/count/IYO5aWzoR0W40000gQB0022Ejs9qRGLIbGAR0Mv3jm8j0OYtoFFH1ecgxje3dgfCwW6TdNO7feO8YhVuXuG3lReB_ge3gYwbg61h1hokTsa6ZG6HiA0wLmYNy5V7mI4_h2e3ZxmJf045dxXikui7auKDcGL2Z9262xQGTGEraEu2e9Lf9g-GXWkpaCG9j93k0jcLQIRQaCG9b9arRQUKMm6eiI47jWEZ0Qxd4C1e-jXfrx41ig0H00AvdNO7mOmImlcs2OIjsi9v3iMF3zB__________m_J__________yFVHe0?q=%D0%B8%D0%B7%D0%BC%D0%B5%D0%BD%D0%B5%D0%BD%D0%B8%D0%B5+%D0%BA%D0%BB%D0%B8%D0%BC%D0%B0%D1%82%D0%B0+%D0%B2+%D1%80%D0%BE%D1%81%D1%81%D0%B8%D0%B8+2025"
2025,"Что происходит с климатом?","zoomby.ru","http://yabs.yandex.ru/count/IYO5ahpgDSK40000gQB0022Ejs9qRGLIbGAR0Mv3jm8j0JA8iBxC4GA9jlOJIW6O59wgJEe1dQgx_0Ic88gjA99nlQoXA9wgBgMYRni2lA2YnGAD0P6me3fN29VmLyV18J-iAWEFi6FvHGwViGfIcG-JXGsP1KACcE42jeJTjOYxe9NN0w-OuGApWFgqYBlPbTS3se3wb9paeQUPL0cekji-X0IZ0Qxd4C1e-jXfrx41ig2H00Avghly1C6C4iBvjWc4hTh2UGxI__________yFq___________3tWQ?q=%D0%B8%D0%B7%D0%BC%D0%B5%D0%BD%D0%B5%D0%BD%D0%B8%D0%B5+%D0%BA%D0%BB%D0%B8%D0%BC%D0%B0%D1%82%D0%B0+%D0%B2+%D1%80%D0%BE%D1%81%D1%81%D0%B8%D0%B8+2025"
2025,"Прогноз по климатическим сх зонам России на 2025-2030","flighttoinfini.com›forum/325-3787","http://www.flighttoinfini.com/forum/325-3787"
2025,"Изменение климата или климатическое оружие","slavzso.narod.ru›s-d/10/P1.html","http://slavzso.narod.ru/s-d/10/P1.html"
2025,"Последствия изменения климата: прогноз для регионов","ineca.ru›?dr=bulletin/arhiv/0131&pg=004","http://ineca.ru/?dr=bulletin/arhiv/0131&pg=004"
2025,"Изменение климата или климатическое оружие?","mediakrug.ru›tajna/magazines/articles/12416","http://www.mediakrug.ru/tajna/magazines/articles/12416"
2025,"наблюдаемых и ожидаемых изменений климата","revolution.allbest.ru›Экология›00383751_0.html","http://revolution.allbest.ru/ecology/00383751_0.html"
2025,"Глобальное изменение климата и будущее россии","knt.org.ru›Vinogradov Izmenenie klimata 1.htm","http://www.knt.org.ru/Vinogradov%20Izmenenie%20klimata%201.htm"
2025,"учёные составили карту населения планеты на 2025 год","membrana.ru›particle/10269","http://www.membrana.ru/particle/10269"
2025,"В России выборы изменили деловой климат - 9 Грудня","holosua.com›news/v_rossii_vybory…2011-12-09-22684","http://holosua.com/news/v_rossii_vybory_izmenili_delovoj_klimat/2011-12-09-22684"
2025,"Мир после кризиса Глобальные тенденции - 2025","e-reading.by›chapter.php/145433/37/Mir_posle…2025…","http://www.e-reading.by/chapter.php/145433/37/Mir_posle_krizisa._Global'nye_tendencii_-_2025__menyayushchiiisya_mir._Doklad_NRS_SShA.html"
2025,"Изменение климата: что ждет Россию","ria.ru›warming_prognosis/20130924/964750728.html","http://ria.ru/warming_prognosis/20130924/964750728.html"
2025,"Климат на выставке Мир Климата","climatexpo.ru","http://yabs.yandex.ru/count/6i4U_IZivoS40000gQB0022Ej6HqRGLIbGAR0Mv3jm8j0OYtoFFH1ecgxje3dgfCwW6TdNO7feO8YhVuXuG3lReB_ge3gYwbg61h1hokTsa6ZG6HiA0wLmYNy5V7mI4_h2e3ZxmJf045dxXikui7auKDcGL2Z9262xQGTGEraEu2e9Lf9g-GXWkpaCG9j93k0jcLQIRQaCG9b9arRQUKMm6ek_4jjWEZ0Qxio8395afgrx41ig0H00AvdNO7mOmImlcs2OIjsi9v3iMF3zB__________m_J__________yFVHe0?q=%D0%B8%D0%B7%D0%BC%D0%B5%D0%BD%D0%B5%D0%BD%D0%B8%D0%B5+%D0%BA%D0%BB%D0%B8%D0%BC%D0%B0%D1%82%D0%B0+%D0%B2+%D1%80%D0%BE%D1%81%D1%81%D0%B8%D0%B8+2025"
2025,"Что происходит с климатом?","zoomby.ru","http://yabs.yandex.ru/count/6i4U_SKUXDS40000gQB0022Ej6HqRGLIbGAR0Mv3jm8j0JA8iBxC4GA9jlOJIW6O59wgJEe1dQgx_0Ic88gjA99nlQoXA9wgBgMYRni2lA2YnGAD0P6me3fN29VmLyV18J-iAWEFi6FvHGwViGfIcG-JXGsP1KACcE42jeJTjOYxe9NN0w-OuGApWFgqYBlPbTS3se3wb9paeQUPL0cejIJmWWIZ0Qxio8395afgrx41ig0H00Avghly1C6C4iBvjWc4hTh2UGxI__________yFq___________3tWQ?q=%D0%B8%D0%B7%D0%BC%D0%B5%D0%BD%D0%B5%D0%BD%D0%B8%D0%B5+%D0%BA%D0%BB%D0%B8%D0%BC%D0%B0%D1%82%D0%B0+%D0%B2+%D1%80%D0%BE%D1%81%D1%81%D0%B8%D0%B8+2025"
2025,"Прогноз по климатическим сх зонам России на 2025-2030","flighttoinfini.com›forum/325-3787","http://www.flighttoinfini.com/forum/325-3787"
2025,"Мир в 2025 году, каким видит его американская разведка","jur-jur.ru›articles/articles545.html","http://www.jur-jur.ru/articles/articles545.html"
2025,"Изменение климата или климатическое оружие?","mediakrug.ru›tajna/magazines/articles/12416","http://www.mediakrug.ru/tajna/magazines/articles/12416"
2025,"полное вымирание белых медведей в России к 2025 году","lenta.ru›news/2015/07/06/polarbear/","https://lenta.ru/news/2015/07/06/polarbear/"
2025,"Последствия изменения климата для России – это «здесь","bellona.ru›articles_ru/articles_2008/1214751066.07","http://www.bellona.ru/articles_ru/articles_2008/1214751066.07"
2025,"Изменение климата: что ждет Россию","ria.ru›warming_prognosis/20130924/964750728.html","http://ria.ru/warming_prognosis/20130924/964750728.html"
2025,"Последствия изменения климата: прогноз для регионов","ineca.ru›?dr=bulletin/arhiv/0131&pg=004","http://ineca.ru/?dr=bulletin/arhiv/0131&pg=004"
2025,"В России выборы изменили деловой климат - 9 Грудня","holosua.com›news/v_rossii…klimat/2011-12-09-22684","http://holosua.com/news/v_rossii_vybory_izmenili_delovoj_klimat/2011-12-09-22684"
2025,"К 2025 году в России полностью вымрут белые медведи","animalreader.ru›k-2025-godu-v-rossii…vyimrut…","http://animalreader.ru/k-2025-godu-v-rossii-polnostyu-vyimrut-belyie-medvedi.html"
2025,"Последствия изменения климата в России","greenpeace.org›russia/ru/campaigns/climate…","http://www.greenpeace.org/russia/ru/campaigns/climate/consequences/"
2025,"Климат на выставке Мир Климата","climatexpo.ru","http://yabs.yandex.ru/count/Bspibrbi2h840000gQB0022ElMPqRGLIbGAR0Mv3jm8j0OYtoFFH1ecgxje3dgfCwW6TdNO7feO8YhVuXuG3lReB_ge3gYwbg61h1hokTsa6ZG6HlWZmmGoNy5V7mI4_h2e3ZxmJf045dxXikui7auKDcGL2Z9262xQGTGEraEu2e9Lf9g-GXWkpaCG9j93k0jcLQIRQaCG9b9arRQUGLm6ekryBjWEZ0Qxjwi3d_kDgrx41ig0H00AvdNO7mOmImlmhnY13WiE51yMF3zB__________m_J__________yFVHe0?q=%D0%BA%D0%BB%D0%B8%D0%BC%D0%B0%D1%82+%D0%B8%D0%B7%D0%BC%D0%B5%D0%BD%D0%B5%D0%BD%D0%B8%D0%B5+%D0%B2+%D1%80%D0%BE%D1%81%D1%81%D0%B8%D0%B8+2025"
2025,"Что происходит с климатом?","zoomby.ru","http://yabs.yandex.ru/count/BspibqF_jOa40000gQB0022ElMPqRGLIbGAR0Mv3jm8j0JA8iBxC4GA9jlOJIW6O59wgJEe1dQgx_0Ic88gjA99nlQoXA9wgBgMYRni2lA2YnGAD0P6-2F3139VmLyV18J-iAWEFi6FvHGwViGfIcG-JXGsP1KACcE42jeJTjOYxe9NN0w-OuGApWFgqYBlPbTS3se3wb97ReQUPN0cejYV3WWIZ0Qxjwi3d_kDgrx41ig2H00Avghly1C6C4iByAyOWGuB3XGVI__________yFq___________3tWQ?q=%D0%BA%D0%BB%D0%B8%D0%BC%D0%B0%D1%82+%D0%B8%D0%B7%D0%BC%D0%B5%D0%BD%D0%B5%D0%BD%D0%B8%D0%B5+%D0%B2+%D1%80%D0%BE%D1%81%D1%81%D0%B8%D0%B8+2025"
2025,"Прогноз по климатическим сх зонам России на 2025-2030","flighttoinfini.com›forum/325-3787","http://www.flighttoinfini.com/forum/325-3787"
2025,"Мир в 2025 году, каким видит его американская разведка","jur-jur.ru›articles/articles545.html","http://www.jur-jur.ru/articles/articles545.html"
2025,"Изменение климата или климатическое оружие?","mediakrug.ru›tajna/magazines/articles/12416","http://www.mediakrug.ru/tajna/magazines/articles/12416"
2025,"полное вымирание белых медведей в России к 2025 году","lenta.ru›news/2015/07/06/polarbear/","https://lenta.ru/news/2015/07/06/polarbear/"
2025,"Последствия изменения климата для России – это «здесь","bellona.ru›articles_ru/articles_2008/1214751066.07","http://www.bellona.ru/articles_ru/articles_2008/1214751066.07"
2025,"Изменение климата: что ждет Россию","ria.ru›warming_prognosis/20130924/964750728.html","http://ria.ru/warming_prognosis/20130924/964750728.html"
2025,"Последствия изменения климата: прогноз для регионов","ineca.ru›?dr=bulletin/arhiv/0131&pg=004","http://ineca.ru/?dr=bulletin/arhiv/0131&pg=004"
2025,"В России выборы изменили деловой климат - 9 Грудня","holosua.com›news/v_rossii…klimat/2011-12-09-22684","http://holosua.com/news/v_rossii_vybory_izmenili_delovoj_klimat/2011-12-09-22684"
2025,"К 2025 году в России полностью вымрут белые медведи","animalreader.ru›k-2025-godu-v-rossii…vyimrut…","http://animalreader.ru/k-2025-godu-v-rossii-polnostyu-vyimrut-belyie-medvedi.html"
2025,"Последствия изменения климата в России","greenpeace.org›russia/ru/campaigns/climate…","http://www.greenpeace.org/russia/ru/campaigns/climate/consequences/"
2025,"Климат на выставке Мир Климата","climatexpo.ru","http://yabs.yandex.ru/count/LpHLZYH4jEK40000gQB0022EjtLqRGLIbGAR0Mv3jm8j0OYtoFFH1ecgxje3dgfCwW6TdNO7feO8YhVuXuG3lReB_ge3gYwbg61h1hokTsa6ZG6HlWZmmGoNy5V7mI4_h2e3ZxmJf045dxXikui7auKDcGL2Z9262xQGTGEraEu2e9Lf9g-GXWkpaCG9j93k0jcLQIRQaCG9b9arRQUGLm6ej2bRjGEZ0Qxa403TWM9krx41ig0H00AvdNO7mOmImlmhnY13WiE51yMF3zB__________m_J__________yFVHe0?q=%D0%BA%D0%BB%D0%B8%D0%BC%D0%B0%D1%82+%D0%B8%D0%B7%D0%BC%D0%B5%D0%BD%D0%B5%D0%BD%D0%B8%D0%B5+%D0%B2+%D1%80%D0%BE%D1%81%D1%81%D0%B8%D0%B8+2025"
2025,"Что происходит с климатом?","zoomby.ru","http://yabs.yandex.ru/count/LpHLZYeiOje40000gQB0022EjtLqRGLIbGAR0Mv3jm8j0JA8iBxC4GA9jlOJIW6O59wgJEe1dQgx_0Ic88gjA99nlQoXA9wgBgMYRni2lA2YnGAD0P6-2F3139VmLyV18J-iAWEFi6FvHGwViGfIcG-JXGsP1KACcE42jeJTjOYxe9NN0w-OuGApWFgqYBlPbTS3se3wb97ReQUPN0celPDQVmIZ0Qxa403TWM9krx41ig0H00Avghly1C6C4iByAyOWGuB3XGVI__________yFq___________3tWQ?q=%D0%BA%D0%BB%D0%B8%D0%BC%D0%B0%D1%82+%D0%B8%D0%B7%D0%BC%D0%B5%D0%BD%D0%B5%D0%BD%D0%B8%D0%B5+%D0%B2+%D1%80%D0%BE%D1%81%D1%81%D0%B8%D0%B8+2025"
2025,"Мир в 2025 году, каким видит его американская разведка","jur-jur.ru›articles/articles545.html","http://www.jur-jur.ru/articles/articles545.html"
2025,"Прогноз по климатическим сх зонам России на 2025-2030","flighttoinfini.com›forum/325-3787","http://www.flighttoinfini.com/forum/325-3787"
2025,"РОССИЯ","wwf.ru›data/pub/climate/oxfam-rus-end_2.pdf","http://www.wwf.ru/data/pub/climate/oxfam-rus-end_2.pdf"
2025,"Изменение климата или климатическое оружие?","mediakrug.ru›tajna/magazines/articles/12416","http://www.mediakrug.ru/tajna/magazines/articles/12416"
2025,"Глобальное изменение климата и будущее россии","knt.org.ru›Vinogradov Izmenenie klimata 1.htm","http://www.knt.org.ru/Vinogradov%20Izmenenie%20klimata%201.htm"
2025,"Федеральная служба по гидрометеорологии и мониторингу","climate2008.igce.ru›Росгидромет","http://climate2008.igce.ru/v2008/pdf/resume_ob.pdf"
2025,"Россия представила ООН цели по снижению выбросов","ClimateRussia.ru›politika…finansy/rossiya…oon…po…","http://ClimateRussia.ru/politika-i-finansy/rossiya-predstavila-oon-celi-po-snizheniyu-vybrosov"
2025,"Глобальное изменение климата - проблемы потепления","tass.ru›Климатический хаос","http://tass.ru/spec/climate"
2025,"россия на пути низкоуглеродной политики","green-city.su›<U+FEFF>rossiya-na-puti-nizkouglerodnoj…","http://green-city.su/%EF%BB%BFrossiya-na-puti-nizkouglerodnoj-politiki/"
2025,"Последствия изменения климата для России – это «здесь","bellona.ru›articles_ru/articles_2008/1214751066.07","http://www.bellona.ru/articles_ru/articles_2008/1214751066.07"
2025,"Климат на выставке Мир Климата","climatexpo.ru","http://yabs.yandex.ru/count/7CC2KCYQFhm40000gQB0022Eiic4RGLIbGAR0Mv3jm8j0OYtoFFH1ecgxje3dgfCwW6TdNO7feO8YhVuXuG3lReB_ge3gYwbg61h1hokTsa6ZG6HiShKJWkNy3Z14oO_h2e3ZwcV73AVk0Oym06JXGsP1KACa8OBjf1r0xMGxWAWbMachv262xEGn0cqaEu2sPLf9jgGn0cKajDjfvY30QYtAqfC0wC1hkIxW1HlvbBRiG6oe1400hcTTWV1Z1B2y11sqhHnFl88nOyFql__________3zF__________mzy6W00?q=%D1%80%D0%BE%D1%81%D1%81%D0%B8%D1%8F+%D0%BA%D0%BB%D0%B8%D0%BC%D0%B0%D1%82+%D0%B8%D0%B7%D0%BC%D0%B5%D0%BD%D0%B5%D0%BD%D0%B8%D0%B5+2025"
2025,"Профессиональные услуги Русклимат – Проектирование","rusklimat.ru","http://yabs.yandex.ru/count/7CC2KFHfeQO40000gQB0022Eiic4RGLIbGAR0Mv3jm8j0JA8lPgwWGI9iqmdgmEUgapg0PsOj0ccHug_DYZd0xsoqgS01AekfQFALGAyhgej0uq1aR7Ar4uBb_0umHCcFwmg0u-fdnmodxW6FC01auKDcGL2Z9i3CBQOPmwra3KCe9i3CA-R0p2pa3KCj90r3DcR0p3Qa3KCb9DOEAU7GwY_euWC0QC1hkIxW1HlvbBRiG6oe1400hcOj0d1Z1B2y11sqhHnFl88n075VzB__________m_J__________yFVHe0?q=%D1%80%D0%BE%D1%81%D1%81%D0%B8%D1%8F+%D0%BA%D0%BB%D0%B8%D0%BC%D0%B0%D1%82+%D0%B8%D0%B7%D0%BC%D0%B5%D0%BD%D0%B5%D0%BD%D0%B8%D0%B5+2025"
2025,"Что происходит с климатом?","zoomby.ru","http://yabs.yandex.ru/count/7CC2KBrb4ue40000gQB0022Eiic4RGLIbGAR0Mv3jm8j0JE8iBxC4GA9jlOJIW6O59wgJEe1dQgx_0Ic88gjA99nlQoXA9wgBgMYRni2lA2YnGAD0P6nojHE2vVmEC4J9Z-iAWEFlbWCT0sVlN129GEJXGsP1KACbTS3jf0d0RM0-g2LrmElbTS3iu3wj83wsPNN0zg0-fIK3g6dcPm8gBTJtQq1em6kvBk056_cKjkn0RAW4G02kQgx_0J1Z1B2y11sqhHnFl88ql__________3zF__________mzv6W00?q=%D1%80%D0%BE%D1%81%D1%81%D0%B8%D1%8F+%D0%BA%D0%BB%D0%B8%D0%BC%D0%B0%D1%82+%D0%B8%D0%B7%D0%BC%D0%B5%D0%BD%D0%B5%D0%BD%D0%B8%D0%B5+2025"
2025,"Парниковый эффект","avaevkniga.ru","http://yabs.yandex.ru/count/7CC2KC5oHIC40000gQB0022Eiic4RGLIbGAR0Mv3jm8j0JI8kX8GWmQ9bYp6c5YUgapg0PsXssWLfd6Alv2bsmIzknPPjmIgBgMZQxi7lAjkcWUD0P6nojHE2vVmEC4J9Z-iAWEFlbWCT0sVlN129GEJXGsP1KACcpGJjf331RMGuWIWcpGJhviq4xEGuWIqaE84sPiq4zgGuWIKcErCfuAegAYKz2YZ0Qxaku0KR-PIsx41ig0H00AveTje5S6C4iBm47RIj74-yWZ5Zm_C1DB__________m_J__________yFU1i0?q=%D1%80%D0%BE%D1%81%D1%81%D0%B8%D1%8F+%D0%BA%D0%BB%D0%B8%D0%BC%D0%B0%D1%82+%D0%B8%D0%B7%D0%BC%D0%B5%D0%BD%D0%B5%D0%BD%D0%B8%D0%B5+2025"
2026,"План работы :  вступление  влияние климата на человека","refdb.ru›look/2272351.html","http://refdb.ru/look/2272351.html"
2026,"Сценарные изменения климата в санкт - петербурге","infoeco.ru›dl/prez/8_climate_scenarios.pdf","http://www.infoeco.ru/dl/prez/8_climate_scenarios.pdf"
2026,"Что ждёт мировой климат","viperson.ru›Публикации›…-zhdyot-mirovoy-klimat","http://viperson.ru/articles/chto-zhdyot-mirovoy-klimat"
2026,"Глобальное потепление: изменения климата","bunkerstroy.com.ua›publ/9-1-0-207","http://bunkerstroy.com.ua/publ/9-1-0-207"
2026,"Климат России — Википедия","ru.wikipedia.org›Климат России","https://ru.wikipedia.org/wiki/%D0%9A%D0%BB%D0%B8%D0%BC%D0%B0%D1%82_%D0%A0%D0%BE%D1%81%D1%81%D0%B8%D0%B8"
2026,"Изменение климата: что ждет Россию","ria.ru›warming_prognosis/20130924/964750728.html","http://ria.ru/warming_prognosis/20130924/964750728.html"
2026,"Тема 2","nrk.cross-ipk.ru›body/sites_Saz/6/6-2.htm","http://www.nrk.cross-ipk.ru/body/sites_Saz/6/6-2.htm"
2026,"Что ждёт мировой климат - Российский институт","so-l.ru›Новости›…_zhdet_mirovoy_klimat","http://so-l.ru/news/show/chto_zhdet_mirovoy_klimat"
2026,"Климат России","geographyofrussia.com›Климат России","http://geographyofrussia.com/klimat-rossii/"
2026,"Чем грозит России изменение климата?","newstube.ru","//yandex.ru/video/search?text=%D0%A0%D0%BE%D1%81%D1%81%D0%B8%D1%8F%20%D0%BA%D0%BB%D0%B8%D0%BC%D0%B0%D1%82*%20%D0%B8%D0%B7%D0%BC%D0%B5%D0%BD%D0%B5%D0%BD%D0%B8%D0%B5%202026&path=wizard&parent-reqid=1457015955250013-12967960085944205503169022-ws35-167&filmId=Aim9l0FrHmE"
2026,"ПРАВДА на ОТР  Глобальные изменения","youtube.com","//yandex.ru/video/search?text=%D0%A0%D0%BE%D1%81%D1%81%D0%B8%D1%8F%20%D0%BA%D0%BB%D0%B8%D0%BC%D0%B0%D1%82*%20%D0%B8%D0%B7%D0%BC%D0%B5%D0%BD%D0%B5%D0%BD%D0%B8%D0%B5%202026&path=wizard&parent-reqid=1457015955250013-12967960085944205503169022-ws35-167&filmId=MKFjh3KtUXI"
2026,"Ученые назвали изменение климата главной","ntv.ru","//yandex.ru/video/search?text=%D0%A0%D0%BE%D1%81%D1%81%D0%B8%D1%8F%20%D0%BA%D0%BB%D0%B8%D0%BC%D0%B0%D1%82*%20%D0%B8%D0%B7%D0%BC%D0%B5%D0%BD%D0%B5%D0%BD%D0%B8%D0%B5%202026&path=wizard&parent-reqid=1457015955250013-12967960085944205503169022-ws35-167&filmId=hPCqCWyqzyI"
2026,"Изменение климата Юга России - эксперимент","youtube.com","//yandex.ru/video/search?text=%D0%A0%D0%BE%D1%81%D1%81%D0%B8%D1%8F%20%D0%BA%D0%BB%D0%B8%D0%BC%D0%B0%D1%82*%20%D0%B8%D0%B7%D0%BC%D0%B5%D0%BD%D0%B5%D0%BD%D0%B8%D0%B5%202026&path=wizard&parent-reqid=1457015955250013-12967960085944205503169022-ws35-167&filmId=6Qy5p7DVUXI"
2026,"Чем грозит России изменение климата?","rosnauka.ru›Публикации›844","http://rosnauka.ru/publication/844"
2026,"Климат на выставке Мир Климата","climatexpo.ru","http://yabs.yandex.ru/count/7DQn-BzIYua40000gQB0022Eiyc4RGLIbGAR0Mv3jm8j0OYtoFFH1ecgxje3dgfCwW6TdNO7feO8YhVuXuG3lReB_ge3gYwbg61h1hokTsa6ZG6HjBuiSm6Ny3Z14oO_h2e3ZxjIT60Ddxw66Ui3auKDcGL2Z9EG2hQKAmErcAy2e9Lf9g-Ja0gpaCG9j9Yl0jcLQIRQaCG9b9CPRQUUU06ejojAJ0EZ0QxWni0y8kbIsx41ig0H00AvdNO7mOmImleXjfReW0-02iMF3zB__________m_J__________yFVHe0?q=%D1%80%D0%BE%D1%81%D1%81%D0%B8%D1%8F+%D0%BA%D0%BB%D0%B8%D0%BC%D0%B0%D1%82+%D0%B8%D0%B7%D0%BC%D0%B5%D0%BD%D0%B5%D0%BD%D0%B8%D0%B5+2026"
2026,"Что происходит с климатом?","zoomby.ru","http://yabs.yandex.ru/count/7DQn-5JKx1O40000gQB0022Eiyc4RGLIbGAR0Mv3jm8j0JA8iBxC4GA9jlOJIW6O59wgJEe1dQgx_0Ic88gjA99nlQoXA9wgBgMYRni2lA2YnGAD0P6qlYnp0PVmEC4J9Z-iAWEFl1-9mWkVkaC-7WQJXGsP1KACcE42jeJTjOYxe9NN0w-OuGApWFgqYBlPbTS3se3wb9iBeAUHG0YekCNPhG6Z0QxWni0y8kbIsx41ig0H00Avghly1C6C4iBw8RQMw80FW0hI__________yFq___________3tWQ?q=%D1%80%D0%BE%D1%81%D1%81%D0%B8%D1%8F+%D0%BA%D0%BB%D0%B8%D0%BC%D0%B0%D1%82+%D0%B8%D0%B7%D0%BC%D0%B5%D0%BD%D0%B5%D0%BD%D0%B8%D0%B5+2026"
2026,"Изменение климата: что ждет Россию","ria.ru›warming_prognosis/20130924/964750728.html","http://ria.ru/warming_prognosis/20130924/964750728.html"
2026,"Последствия изменения климата в России","greenpeace.org›russia/ru/campaigns/climate…","http://www.greenpeace.org/russia/ru/campaigns/climate/consequences/"
2026,"портал по проблемам изменения климата в России","clicr.ru›post/show/id/1363","http://www.clicr.ru/post/show/id/1363"
2026,"Прогнозы воздействия изменения климата","CyberLeninka.ru›Научные статьи›…-klimata-na-selskoe…","http://CyberLeninka.ru/article/n/prognozy-vozdeystviya-izmeneniya-klimata-na-selskoe-hozyaystvo-v-nizhnem-povolzhie"
2026,"План работы :  вступление  влияние климата на человека","refdb.ru›look/2272351.html","http://refdb.ru/look/2272351.html"
2026,"Почему так резко изменился климат в России?","otvet.mail.ru›question/95051900","https://otvet.mail.ru/question/95051900"
2026,"Прогноз изменения климата России","protown.ru›information/articles/articles_2518.html","http://www.protown.ru/information/articles/articles_2518.html"
2026,"Чем грозит России изменение климата?","rosnauka.ru›Публикации›844","http://rosnauka.ru/publication/844"
2026,"Что ждёт мировой климат","viperson.ru›Публикации›…-zhdyot-mirovoy-klimat","http://viperson.ru/articles/chto-zhdyot-mirovoy-klimat"
2026,"ИЗМЕНЕНИЯ КЛИМАТА - Статьи - Бункер-строительство","bunkerstroy.com.ua›publ/9","http://bunkerstroy.com.ua/publ/9"
2026,"Климат на выставке Мир Климата","climatexpo.ru","http://yabs.yandex.ru/count/SCupcUKlyvi40000gQB0022Ej7TqRGLIbGAR0Mv3jm8j0OYtoFFH1ecgxje3dgfCwW6TdNO7feO8YhVuXuG3lReB_ge3gYwbg61h1hokTsa6ZG6Hktm8_0QNy7qfcYO_h2e3ZxdU8vq8dxfDljGFauKDcGL2Z9262xQGTGEraEu2e9Lf9g-GXWkpaCG9j93k0jcLQIRQaCG9b9rxRAUMKG6ej2bRjGEZ0Qxk242zLz5krx41ig0H00AvdNO7mOmIml8-L3QBINUK0SMF3zB__________m_J__________yFVHe0?q=%D0%BA%D0%BB%D0%B8%D0%BC%D0%B0%D1%82+%D0%B8%D0%B7%D0%BC%D0%B5%D0%BD%D0%B5%D0%BD%D0%B8%D0%B5+%D0%B2+%D1%80%D0%BE%D1%81%D1%81%D0%B8%D0%B8+2026"
2026,"Что происходит с климатом?","zoomby.ru","http://yabs.yandex.ru/count/SCupcRh2C-040000gQB0022Ej7TqRGLIbGAR0Mv3jm8j0JA8iBxC4GA9jlOJIW6O59wgJEe1dQgx_0Ic88gjA99nlQoXA9wgBgMYRni2lA2YnGAD0P6xV0Zy1fVmVIcQ9Z-iAWEFlZ26UWYVivZcAGcJXGsP1KACcE42jeJTjOYxe9NN0w-OuGApWFgqYBlPbTS3se3wb9lPeAULymYejDSrVWIZ0Qxk242zLz5krx41ig0H00Avghly1C6C4iBoFbGsYqbtb07I__________yFq___________3tWQ?q=%D0%BA%D0%BB%D0%B8%D0%BC%D0%B0%D1%82+%D0%B8%D0%B7%D0%BC%D0%B5%D0%BD%D0%B5%D0%BD%D0%B8%D0%B5+%D0%B2+%D1%80%D0%BE%D1%81%D1%81%D0%B8%D0%B8+2026"
